35.714,0.492,0.617,0.366,0.378,0.608,0.642,0.548,0.525,0.842,0.925,1.48,1.83,1.31,1.49,0.37,0.393,7.52,7.23,4.97,1.16,1.01,6.47,6.33,0.509,0.473,0.65,0.582,2.18,2.19,0.472,0.562,0.821,1,0.928,1.14,14.409,14.085,10.022,9.73,1.34,1.37,3.05,3.04,0.16,0.127,2.03,2.02,2.11,4.97,4.87,0.447,0.551,0.355,0.271,0.432,0.348,2.29,2.55,2.28,2.69,0.619,0.556,2.25,2.19,5.45,6.04,0.416,0.597,1.11,1.03,3.58,3.13,0.948,1.03,0.851,0.953,0.85,0.841,24.571,24.33,15.489,14.542,54.091,5.85,0.264,0.203
37.429,0.497,0.624,0.361,0.389,0.548,0.589,0.572,0.533,0.883,0.808,1.76,1.77,1.47,1.62,0.438,0.472,9.11,8.94,5.35,1.29,1.23,7.63,7.58,0.53,0.397,0.442,0.636,2.62,2.6,0.933,0.742,1.43,1.19,1.35,1.2,17.665,17.409,11.341,12.329,1.3,1.42,3.2,3.27,0.164,0.127,2.35,2.36,2.18,2.2,1.83,0.467,0.503,0.352,0.261,0.457,0.404,2.09,2.16,2.51,2.28,0.53,0.718,2.25,2.09,6.15,5.84,0.567,0.346,0.81,0.959,3.44,3.32,1.1,0.888,1.23,1.04,1.13,0.85,26.06,26.072,15.089,15.399,55.739,6.15,0.286,0.286
36.143,0.532,0.594,0.374,0.423,0.522,0.648,0.738,0.635,0.797,0.803,1.73,1.91,1.37,1.61,0.505,0.455,8.29,7.87,5.18,1.28,1.32,7.16,7.22,0.622,0.484,0.529,0.442,2.11,2.19,0.78,0.682,0.765,0.981,1.07,1.21,15.428,15.373,11.531,11.109,1.34,1.39,2.84,2.94,0.221,0.164,2.46,2.49,1.8,2.27,2.39,0.273,0.421,0.36,0.493,0.352,0.33,2.24,2.53,2.44,2.85,0.552,0.647,2.37,2.17,6.55,6.63,0.476,0.397,0.833,0.865,2.93,3.1,1.41,1.03,0.985,1.11,1.12,1.11,24.534,24.456,15.616,15.685,80.195,5.89,0.386,0.301
36.714,0.596,0.624,0.407,0.398,0.584,0.642,0.579,0.659,0.787,0.7,1.87,1.9,1.36,1.64,0.52,0.54,8.47,8.38,5.33,1.15,1.2,7.31,6.53,0.494,0.471,0.656,0.707,2.49,2.4,0.775,0.868,1.01,1.06,1.04,1.12,16.063,15.556,10.859,11.755,1.3,1.48,3.22,3.17,0.192,0.189,2.53,2.59,1.59,1.61,1.63,0.525,0.546,0.351,0.4,0.381,0.409,2.47,2.44,2.31,2.5,0.728,0.766,2.19,2.24,5.87,5.19,0.509,0.475,0.924,0.83,2.98,2.67,1.18,1.07,1.03,1.04,1.12,0.998,25.1,24.88,14.396,15.068,64.121,6.11,0.31,0.365
42.286,0.648,0.844,0.414,0.468,0.743,0.874,0.967,1.1,0.936,0.782,2.88,2.8,2.17,2.1,0.667,0.898,11.286,11.279,5.47,1.75,1.54,11.185,11.471,0.937,0.769,1.1,0.966,3.83,3.87,1.15,1.03,1.26,1.1,1.53,1.36,23.015,22.322,16.7,17.089,1.38,1.32,3.33,3.28,0.182,0.154,2.82,2.62,2.26,6.35,5.1,0.435,0.491,0.531,0.561,0.365,0.28,2.25,2.1,2.47,2.25,0.678,0.87,1.77,1.6,5.55,5.94,0.435,0.357,1.02,0.928,3.73,3.27,1.28,1.01,0.973,0.924,1.12,0.964,20.447,19.86,13.999,13.905,120.67,6.44,0.465,0.436
40.143,0.789,0.82,0.4,0.407,0.71,0.829,0.821,0.784,0.966,0.803,2,2.17,1.91,1.97,0.573,0.641,9.06,8.57,5.45,1.56,1.52,9.83,10.197,0.798,0.766,0.645,0.593,3.28,3.29,0.912,0.806,1.4,1.09,1.22,1.39,21.564,21.56,12.293,12.985,1.4,1.43,3.43,3.33,0.201,0.183,2.84,2.95,2.11,3.71,3.63,0.479,0.517,0.551,0.448,0.519,0.429,2.39,2.35,2.54,2.71,0.765,0.773,2.47,2.4,6.94,6.84,0.583,0.63,0.985,0.83,4.03,3.79,1.17,1.04,1.28,1.17,1.12,1.3,26.017,25.454,14.307,14.702,110.02,6.34,0.328,0.312
34.429,0.495,0.633,0.325,0.373,0.48,0.498,0.473,0.391,0.668,0.69,1.25,1.3,1.13,0.976,0.294,0.304,6.14,6.13,4.6,1.09,0.985,5.44,5.81,0.474,0.511,0.406,0.401,1.69,1.92,0.57,0.559,1.11,1.15,1.07,1.03,12.445,12.613,8.98,9.27,1.4,1.54,2.55,2.61,0.139,0.136,1.95,2.22,1.88,4.01,2.93,0.351,0.417,0.366,0.32,0.363,0.403,2.1,2.14,2.11,1.92,0.355,0.378,2.37,2.21,5.33,5.78,0.459,0.45,0.827,0.767,2.75,2.7,1.13,0.969,1.24,1.1,0.986,0.809,21.659,22.409,13.548,13.862,58.923,5.35,0.211,0.223
36.857,0.645,0.783,0.448,0.517,0.763,0.874,0.949,0.95,1.1,1.06,2.37,2.61,2.22,1.95,0.72,0.628,9.74,9.65,5.92,1.48,1.49,8.78,8.44,0.73,0.621,0.796,0.665,2.68,2.76,0.83,0.781,1.3,1.45,1.39,1.38,19.684,19.882,12.775,13.464,1.74,1.72,3.58,3.65,0.238,0.179,3.01,3.17,2.38,2.06,2.34,0.626,0.663,0.669,0.546,0.575,0.493,3.33,3.42,3.28,3.21,0.818,0.604,2.63,2.62,8.06,7.5,0.655,0.672,1.21,1.09,3.77,3.38,1.5,1.31,1.23,1.45,1.22,1.08,31.271,31.561,18.354,18.945,63.512,6.5,0.386,0.349
37,0.497,0.651,0.347,0.377,0.669,0.69,0.666,0.661,0.974,0.769,1.89,2.04,1.42,1.5,0.56,0.601,7.42,7.51,5.07,1.21,1.22,6.83,6.95,0.634,0.514,0.626,0.711,2.17,2.42,0.914,0.893,1.2,1.3,1.02,1.22,15.964,16.463,11.962,12.416,1.36,1.33,3.36,3.32,0.162,0.171,2.39,2.49,1.96,1.55,1.43,0.498,0.547,0.446,0.349,0.57,0.506,2.67,2.52,2.33,2.53,0.662,0.809,2.07,2.05,5.4,5.44,0.571,0.43,1.03,1.05,2.77,2.63,1.19,1.16,1.19,1.12,0.896,0.909,24.503,24.436,15.769,15.836,43.283,5.53,0.267,0.313
37,0.639,0.781,0.397,0.474,0.581,0.682,0.745,0.775,0.941,0.924,1.9,1.83,1.62,1.69,0.454,0.393,9.41,9.38,5.88,1.45,1.33,8.3,8.16,0.745,0.539,0.558,0.479,2.5,2.72,0.882,0.622,1.28,1.09,1.11,1.23,17.397,17.771,11.399,11.878,1.4,1.47,3.44,3.44,0.153,0.127,2.27,2.49,2.49,1.92,1.9,0.562,0.58,0.44,0.415,0.476,0.423,2.49,2.55,2.73,2.89,0.554,0.614,3.44,3.08,7.12,6.99,0.692,0.518,0.785,0.749,3.44,3.5,1.36,1.01,1.26,1.03,1.15,1.08,28.946,29.218,14.438,15.047,68.113,7.74,0.241,0.23
37,0.594,0.655,0.391,0.446,0.626,0.753,0.68,0.725,0.939,0.91,1.53,1.59,1.48,1.49,0.592,0.501,9.29,8.76,5.73,1.28,1.22,5.93,6.37,0.568,0.428,0.49,0.593,2.02,2.01,0.812,0.637,0.964,1.09,1.09,1.14,14.203,14.326,9.87,10,1.29,1.47,3.31,3.28,0.174,0.143,2.41,2.44,2.3,2.46,2.51,0.472,0.499,0.494,0.392,0.503,0.425,2.26,2.26,2.52,2.54,0.745,0.74,2.37,2.31,4.29,4.73,0.491,0.362,0.77,1.02,2.95,2.79,1.36,0.943,1.11,1.28,1.19,1.05,23.149,23.691,13.172,13.795,59.295,6.47,0.299,0.252
35.143,0.603,0.687,0.368,0.384,0.557,0.642,0.611,0.547,0.942,0.834,1.46,1.65,1.4,1.57,0.454,0.481,7.53,7.38,5.2,1.38,1.22,6.03,6.49,0.546,0.548,0.671,0.591,1.95,2.33,0.691,0.396,1.01,1.08,1.06,1.16,14.841,14.8,10.458,11.201,1.49,1.48,3.32,3.39,0.17,0.163,2.27,2.44,1.81,1.62,1.44,0.523,0.499,0.521,0.398,0.481,0.466,2.35,2.43,2.51,2.75,0.62,0.646,2.47,2.38,5.87,6.46,0.504,0.49,0.875,0.917,3.15,3.16,1.13,0.651,1.02,0.939,1.08,0.968,26.134,24.613,15.642,16.403,46.009,5.87,0.239,0.228
41,0.842,1.01,0.527,0.562,1.15,1.23,1.23,1.31,1.66,1.48,3.08,3.23,2.83,3.35,0.922,1.01,15.247,15.005,6.97,2.36,2.16,12.155,13.649,0.919,0.927,1.35,1.15,4.33,4.5,1.48,0.87,1.83,1.47,1.94,2.01,28.75,28.624,21.114,21.394,1.9,1.96,4.33,4.37,0.256,0.248,3.56,3.77,2.71,2.14,2.02,0.819,0.791,0.795,0.693,0.497,0.523,2.93,2.86,3.69,3.82,0.851,1.11,3.14,2.74,7.97,9.32,0.711,0.679,1.47,1.26,4.15,4.64,1.61,0.808,1.61,1.34,1.6,1.47,33.382,31.999,20.939,21.808,70.805,7.99,0.533,0.627
35,0.678,0.747,0.383,0.406,0.658,0.741,0.748,0.579,0.813,0.748,1.56,1.68,1.58,1.7,0.433,0.438,9.01,8.86,5.72,1.21,1.26,5.95,6.33,0.655,0.611,0.498,0.518,2.22,1.99,0.628,0.538,1.13,1.28,1.05,1.2,15.205,15.143,10.137,10.872,1.47,1.53,3.13,3.22,0.172,0.169,2.12,2.24,2,3.55,3.64,0.407,0.54,0.497,0.355,0.506,0.503,2.47,2.33,2.95,3.02,0.483,0.59,2.34,2.41,5.7,6.43,0.584,0.542,0.69,0.84,3.5,3.06,1.04,0.997,1.04,0.782,1.01,0.91,25.974,25.201,15.355,15.73,80.567,5.94,0.227,0.211
33.286,0.435,0.483,0.259,0.304,0.421,0.46,0.308,0.249,0.41,0.406,0.931,0.944,0.911,0.914,0.288,0.285,4.8,4.9,4.03,0.762,0.699,4.25,4.45,0.299,0.275,0.367,0.368,1.23,1.27,0.359,0.277,0.658,0.679,0.529,0.647,8.27,8.2,5.54,5.82,1.05,1.12,2.38,2.34,0.124,0.116,1.63,1.69,0.875,2.23,2.42,0.293,0.279,0.237,0.185,0.298,0.243,2,1.86,1.7,1.83,0.422,0.505,1.72,1.65,5.14,5.31,0.363,0.347,0.669,0.76,2.3,2.34,0.731,0.57,0.791,0.683,0.591,0.559,16.997,16.914,10.571,10.492,39.009,4.46,0.129,0.113
35.143,0.545,0.577,0.376,0.396,0.628,0.644,0.625,0.544,0.818,0.702,1.7,1.73,1.37,1.35,0.414,0.506,8.91,8.78,5.84,1.44,1.37,7.54,8.17,0.508,0.42,0.75,0.572,1.84,2.04,0.826,0.786,1.05,0.945,1.03,1.11,15.85,16.028,10.342,10.251,1.68,1.63,3.25,3.12,0.188,0.152,2.52,2.63,2.27,2.87,1.81,0.541,0.512,0.414,0.381,0.407,0.333,2.61,2.5,2.25,2.14,0.598,0.687,2.74,2.62,6.73,7.13,0.445,0.351,1.37,0.883,2.58,2.65,1.7,1.37,1.2,0.897,1.1,1.01,26.412,26.925,14.59,14.537,59.607,6.28,0.241,0.254
35,0.575,0.545,0.303,0.331,0.399,0.528,0.366,0.369,0.628,0.733,1.37,1.3,0.985,1.1,0.294,0.26,6.53,6.37,4.34,1.12,1.05,6.32,6.5,0.352,0.377,0.4,0.333,1.6,1.73,0.679,0.516,1,1.01,1.03,1.05,12.514,12.752,8.29,8.88,1.29,1.19,2.68,2.64,0.122,0.115,1.83,2.14,1.7,2.53,1.74,0.261,0.338,0.257,0.206,0.338,0.322,2.04,1.99,1.6,1.99,0.557,0.504,2.09,2,5.24,6.07,0.447,0.405,0.823,0.847,2.52,2.42,1.23,0.948,1.25,0.998,0.985,0.831,21.183,21.391,12.208,13.184,57.039,5.23,0.201,0.207
34,0.484,0.551,0.329,0.364,0.605,0.604,0.397,0.305,0.641,0.778,1.25,1.26,1.13,0.997,0.212,0.279,6.22,5.83,4.59,1.02,0.875,5.42,5.63,0.397,0.398,0.503,0.366,1.78,2.05,0.552,0.597,0.897,0.992,0.875,0.872,11.446,11.328,7.62,7.76,1.26,1.24,2.71,2.83,0.133,0.111,1.96,2.04,1.64,2.23,3.52,0.204,0.183,0.178,0.116,0.38,0.349,2,1.94,1.98,1.77,0.212,0.371,2.13,2.02,5.18,5.75,0.44,0.43,0.819,0.642,3.02,2.95,1.1,0.912,1.16,1.13,0.952,0.804,21.529,21.714,12.618,12.799,66.926,5.49,0.154,0.128
36.714,0.585,0.677,0.372,0.418,0.628,0.759,0.681,0.765,0.925,0.911,2.03,2.03,1.5,1.51,0.477,0.622,8.16,8.06,5.31,1.55,1.6,9.15,9.32,0.487,0.491,0.608,0.573,2.57,2.74,0.987,0.773,1.25,1.06,1.24,1.17,18.491,18.572,12.292,12.496,1.45,1.49,3.14,3.18,0.165,0.163,2.79,2.89,2.37,2.15,2.04,0.429,0.403,0.453,0.389,0.451,0.359,2.04,2.21,2.25,1.99,0.605,0.623,2.21,2.28,6.92,7.2,0.389,0.333,0.843,0.931,3.27,3.17,1.31,1.11,1.22,1.03,1.11,0.875,24.084,23.985,14.217,13.712,78.13,6.43,0.333,0.332
34.857,0.475,0.596,0.321,0.33,0.504,0.588,0.462,0.486,0.719,0.549,1.37,1.39,1.06,1.2,0.232,0.318,6.95,6.45,4.68,1.18,1.08,5.83,5.73,0.454,0.462,0.525,0.443,1.72,1.85,0.528,0.489,0.969,1.08,1.05,0.986,12.669,12.692,8.22,8.72,1.27,1.37,2.65,2.69,0.145,0.15,2.03,2.21,1.7,1.68,1.53,0.304,0.381,0.388,0.386,0.349,0.366,2.2,2.42,2.21,2.33,0.284,0.411,2.31,2.05,5.8,5.66,0.427,0.432,0.799,0.753,2.48,2.98,1.02,0.929,1.24,1.1,1.03,0.803,23.842,23.579,13.64,13.602,52.537,5.5,0.188,0.205
45.143,0.747,0.962,0.463,0.479,0.951,1.12,1.17,1.4,1.23,1.13,2.9,3.26,2.84,3.33,0.7,0.722,15.208,15.044,7.16,2.06,1.92,13.942,14.737,0.946,0.844,1.31,1,4.69,4.9,1.49,1.4,1.5,1.24,1.7,2.1,32.295,30.995,21.726,20.88,1.84,1.86,3.91,3.69,0.217,0.208,3.07,3.1,2.65,4.16,4.41,0.607,0.944,0.807,0.727,0.465,0.586,2.37,2.3,2.79,3.12,0.829,0.987,2.34,2.27,5.85,7.31,0.617,0.57,1.19,0.959,3.24,3.37,1.28,1.14,1.38,1.01,1.41,1.42,29.07,28.648,17.179,16.591,94.104,7.51,0.516,0.589
45.143,0.713,0.854,0.467,0.492,1.07,1.05,1.03,1.23,1.25,1.08,2.66,2.87,3.1,2.95,0.743,0.74,15.007,14.831,6.6,1.6,1.63,12.606,12.492,0.893,0.782,1.26,1.13,4.26,5.15,1.49,1.16,1.42,1.94,1.73,1.76,27.881,27.434,18.579,19.387,1.72,1.84,4.23,4.1,0.194,0.187,2.67,2.74,2.69,5.27,2.69,0.769,0.646,0.597,0.561,0.507,0.597,2.15,2.32,2.64,2.73,0.858,0.911,2.46,2.24,6.17,6.15,0.659,0.56,1.21,1.03,3.42,3.76,1.34,0.926,1.4,2.19,1.38,1.36,27.082,26.488,15.909,16.395,96.68,7.3,0.527,0.442
34.714,0.496,0.58,0.346,0.353,0.622,0.642,0.564,0.564,0.929,0.818,1.52,1.6,1.24,1.18,0.379,0.414,7,6.54,4.77,1.2,1.07,5.57,6.07,0.441,0.392,0.576,0.476,1.88,2.06,0.554,0.652,1.12,1.1,0.966,0.984,12.203,12.479,8.77,9.3,1.21,1.41,2.78,2.87,0.141,0.115,1.95,1.93,1.79,1.98,3.4,0.422,0.465,0.378,0.376,0.395,0.36,2.55,2.52,2.6,2.51,0.442,0.599,2.52,2.6,6.47,6.76,0.555,0.436,0.888,0.741,3.25,3.38,1.34,1.07,1.13,1.11,1.08,0.864,23.287,23.789,14.995,14.727,40.965,5.68,0.224,0.225
40.429,0.647,0.858,0.463,0.554,1.07,1.14,0.968,1.19,1.41,1.31,3.08,3.35,2.39,2.55,0.585,0.746,13.245,12.742,6.23,2.07,1.99,11.341,12.898,0.777,0.661,0.97,0.785,3.6,4.02,1.38,1.32,2,1.75,1.78,1.66,25.82,26.529,17.957,18.723,1.7,1.84,3.85,3.91,0.249,0.191,3.55,3.57,2.61,3.63,3.69,0.594,0.948,0.415,0.605,0.43,0.295,3.03,3.39,3.04,3.26,0.701,1.09,3.14,2.77,7.24,8.96,0.69,0.558,1.6,1.48,4.01,4.22,1.77,1.3,1.36,1.47,1.4,1.39,30.22,31.631,19.053,19.366,68.668,7.3,0.606,0.535
37.286,0.557,0.64,0.361,0.428,0.609,0.678,0.473,0.567,1.13,0.902,1.93,1.87,1.22,1.57,0.471,0.356,9.58,9.09,5.6,1.44,1.32,7.67,8.15,0.596,0.564,0.622,0.709,2.45,2.41,1.06,0.73,1.2,1.43,1.46,1.49,16.82,16.656,12.266,12.996,1.66,1.67,3.29,3.47,0.158,0.16,2.69,2.86,2.28,2.84,2.25,0.287,0.467,0.307,0.353,0.422,0.448,2.53,2.51,1.92,2.64,0.704,0.468,2.56,2.62,6.93,7.28,0.742,0.615,0.641,0.793,3.19,3.08,1.52,1.08,1.33,1.27,1.17,1.18,25.194,25.229,16.244,16.577,52.054,6.36,0.303,0.323
40,0.683,0.771,0.453,0.495,0.968,0.931,1.07,0.991,1.28,1.1,2.7,2.7,2.52,2.44,0.784,0.853,15.682,15.082,6.97,1.59,1.68,10.797,10.849,0.851,0.671,0.935,0.939,3.86,3.79,1.11,1.03,1.63,1.12,1.45,1.43,25.932,26.789,16.837,17.299,1.93,2.09,4.04,4.06,0.217,0.192,3.34,3.32,2.04,1.7,1.72,0.699,0.641,0.697,0.657,0.673,0.501,2.52,2.57,2.82,3.02,0.859,0.888,2.41,2.28,6.01,6.17,0.546,0.448,1.05,1.05,3.29,3.01,0.939,0.89,1.48,0.956,1.19,1.08,26.033,26.866,15.162,14.704,60.807,7.89,0.554,0.551
36.857,0.783,0.904,0.479,0.512,0.772,0.784,0.832,0.783,1.13,0.971,2.38,2.36,1.78,1.81,0.627,0.7,9.5,9.09,5.71,1.63,1.49,9.22,8.91,0.597,0.641,0.766,0.734,2.71,2.9,1.16,0.806,1.37,1.57,1.51,1.55,19.881,20.382,13.005,13.733,1.6,1.78,4.03,4.01,0.179,0.175,2.43,2.75,2.1,2.51,2.09,0.616,0.612,0.429,0.417,0.54,0.549,2.91,2.65,2.84,2.46,0.697,0.801,2.84,2.7,7.13,7.14,0.528,0.473,1.07,0.831,3.47,3.45,1.57,1.2,1.42,1.27,1.34,1.25,30.73,31.124,17.419,16.898,43.036,7.35,0.304,0.272
36.857,0.647,0.781,0.462,0.519,0.828,0.876,0.841,0.88,1.02,0.904,2.66,2.8,2.19,1.95,0.535,0.613,10.404,10.504,6.19,1.7,1.57,9.77,9.97,0.634,0.666,0.844,0.767,2.66,2.85,1.18,0.937,1.43,1.33,1.33,1.36,20.573,21.228,13.551,14.257,1.94,1.94,3.91,3.88,0.2,0.208,2.59,2.86,2.72,1.98,2.04,0.735,0.787,0.545,0.592,0.666,0.609,3.08,3.37,3.54,3.05,0.632,0.889,3.06,3.07,7.66,8.11,0.631,0.651,1.2,1.1,3.57,3.23,1.75,1.23,1.48,0.987,1.29,1.16,31.09,30.865,16.076,16.538,48.216,7.36,0.379,0.375
34.857,0.601,0.758,0.336,0.359,0.538,0.564,0.574,0.553,0.859,0.645,1.6,1.57,1.32,1.34,0.418,0.462,7.03,6.77,5,1.13,1.05,6.54,6.28,0.466,0.491,0.568,0.514,1.91,2.16,0.598,0.43,1.02,1.06,1.13,0.985,13.123,13.468,8.49,9.46,1.46,1.35,3.03,2.91,0.135,0.113,1.74,1.93,2.02,3.76,2.19,0.356,0.507,0.402,0.329,0.368,0.449,2.57,2.52,2.03,2.44,0.727,0.622,2.76,2.54,6.81,6.75,0.577,0.612,0.89,0.96,2.89,2.79,1.18,0.937,1.23,1.06,1.15,0.8,24.802,23.711,13.779,14.083,48.185,6.06,0.162,0.151
41.286,0.624,0.712,0.428,0.478,0.806,0.92,0.99,0.796,0.901,0.846,2.38,2.58,2.13,1.95,0.609,0.623,12.564,12.21,6.69,1.76,1.71,11.404,11.56,0.783,0.654,1.07,0.823,3.13,3.14,1.07,1.04,1.43,1.32,1.28,1.38,23.879,24.262,16.062,16.225,1.87,2,3.83,3.87,0.205,0.185,3.15,3.31,2.45,1.89,2.93,0.574,0.61,0.644,0.48,0.409,0.37,2.23,2.41,2.54,2.51,0.632,0.758,2.46,2.24,6.4,6.8,0.537,0.436,1.29,1.06,3.09,2.87,1.11,1.01,1.24,1.17,1.09,1.04,24.746,25.602,15.007,14.983,69.23,7.14,0.423,0.475
37,0.549,0.632,0.433,0.436,0.714,0.779,0.76,0.812,0.941,0.888,2.11,1.88,1.96,1.81,0.379,0.597,9.54,9.66,5.96,1.67,1.54,9.02,8.27,0.597,0.43,0.605,0.604,2.73,2.87,0.709,0.696,1.27,1.11,1.45,1.46,17.317,19.026,12.384,12.209,1.7,1.86,3.75,3.57,0.218,0.189,2.71,2.92,2.35,2.16,2.71,0.335,0.517,0.519,0.376,0.465,0.433,2.59,2.39,3.55,3.38,0.291,0.421,2.96,2.82,8.3,6.93,0.616,0.474,1.03,0.955,3.81,3.78,1.25,1.18,1.32,1.12,1.31,1.09,28.696,29.443,16.9,15.994,66.988,6.7,0.298,0.309
37.143,0.56,0.63,0.416,0.43,0.553,0.665,0.666,0.57,0.972,0.926,2.18,2.26,1.38,1.26,0.564,0.606,9.9,9.48,5.37,1.19,1.19,10.071,9.54,0.646,0.597,0.822,0.638,2.82,2.8,0.947,0.996,1.03,1.17,1.12,1.2,18.816,18.512,13.409,14.249,1.39,1.46,3.01,3.01,0.192,0.173,2.37,2.52,2.33,2.75,2.82,0.415,0.437,0.357,0.345,0.396,0.375,2.52,2.54,1.86,1.86,0.718,0.803,2.01,1.91,6.36,6.26,0.583,0.556,1.02,0.921,3.37,2.98,1.08,1.13,1.12,1.12,1.02,0.964,23.933,24.155,14.508,14.956,59.985,6.16,0.338,0.305
36.714,0.589,0.659,0.386,0.389,0.717,0.707,0.738,0.709,0.979,0.691,1.86,1.96,1.4,1.51,0.504,0.404,9.81,9.41,5.7,1.1,1.02,6.74,6.63,0.444,0.52,0.604,0.554,1.8,1.85,0.722,0.597,0.989,0.912,0.924,0.976,15.213,15.337,10.178,10.572,1.21,1.43,3.18,3.38,0.164,0.157,1.85,1.95,1.49,1.13,1.46,0.543,0.37,0.574,0.285,0.412,0.406,2.46,2.45,2.73,2.68,0.654,0.704,2.01,2.04,6.67,6.74,0.429,0.479,1.12,1.05,2.97,2.51,1.18,0.976,0.988,0.818,0.823,0.771,25.415,25.22,15.035,15.734,66.318,6.14,0.271,0.265
36.714,0.59,0.691,0.366,0.367,0.64,0.655,0.669,0.588,0.873,0.84,1.99,1.87,1.45,1.34,0.388,0.528,9.92,9.07,5.6,1.18,1.03,7.09,6.99,0.469,0.506,0.726,0.584,1.99,2.33,0.831,0.572,1.15,1.2,0.944,1.04,15.335,15.622,10.262,11.006,1.33,1.35,3.36,3.42,0.153,0.156,1.94,2.03,1.54,1.24,1.52,0.565,0.465,0.369,0.305,0.48,0.5,2.27,2.56,2.93,2.48,0.582,0.846,2.08,1.86,6.52,6.35,0.535,0.473,1.15,1.09,2.97,3.27,1.09,0.847,1.08,1.14,0.886,0.754,25.858,25.727,14.863,15.656,51.335,5.89,0.303,0.284
37.571,0.634,0.775,0.448,0.458,0.72,0.82,0.794,0.821,0.874,0.839,2.25,1.98,1.81,2,0.465,0.495,8.94,9.48,5.79,1.49,1.55,10.37,10.11,0.732,0.632,0.714,0.468,2.79,2.48,0.886,0.825,1.62,1.54,1.43,1.56,20.491,20.934,13.815,14.868,1.48,1.49,3.7,3.81,0.17,0.159,2.18,2.65,2.46,1.67,1.6,0.512,0.576,0.534,0.401,0.576,0.655,2.97,2.5,2.8,3,0.509,0.665,3.11,2.85,7.88,7.23,0.642,0.549,1.04,0.96,3.24,2.7,1.17,1.12,1.58,1.48,1.35,1.13,30.938,29.928,16.834,17.99,63.753,7.21,0.328,0.346
35,0.586,0.6,0.384,0.422,0.637,0.651,0.548,0.507,0.669,0.68,1.54,1.57,1.53,1.45,0.383,0.495,7.27,6.96,5.12,1.29,1.21,7.5,6.86,0.469,0.538,0.404,0.439,1.93,2.05,0.673,0.637,1.01,1.25,1.1,1.07,14.348,14.583,9.75,10.39,1.34,1.48,3.09,3.2,0.151,0.137,2.16,2.25,1.54,1.88,2.42,0.596,0.492,0.469,0.364,0.416,0.376,2.27,2.3,2.54,2.41,0.523,0.591,2.7,2.54,7.31,6.81,0.509,0.554,0.596,0.782,2.98,2.49,1.26,1.04,1.25,0.937,1.07,0.939,23.853,24.526,13.573,13.894,47.013,6.25,0.27,0.259
43,0.831,0.8,0.568,0.554,1.3,1.18,1.33,1.36,1.09,0.971,3.72,3.44,3.39,3.38,0.739,0.825,15.652,14.992,6.98,2.35,2.4,17.514,14.885,0.809,1.04,1.02,1.14,4.7,4.67,1.42,1.49,1.85,1.61,1.87,1.93,31.937,32.923,22.117,23.464,1.9,1.99,4.51,4.6,0.215,0.209,3.65,3.8,2.99,2.94,3.52,1.09,0.847,0.809,0.653,0.605,0.452,2.85,2.66,3.81,3.5,0.834,0.904,3.18,2.84,9.56,8,0.599,0.701,0.974,1.13,4.08,3.6,1.49,1.39,1.6,1.19,1.51,1.44,31.095,31.581,18.985,19.193,85.637,8.22,0.602,0.604
35.143,0.572,0.674,0.362,0.432,0.614,0.687,0.568,0.553,0.614,0.631,1.43,1.49,1.4,1.28,0.42,0.56,7.32,7.13,4.98,1.22,1.16,6.77,6.93,0.502,0.447,0.41,0.425,1.99,2.01,0.605,0.517,0.923,0.988,1.01,1.04,14.709,14.459,8.88,9.4,1.46,1.49,2.95,2.97,0.141,0.123,2,2.08,1.66,2.07,1.58,0.537,0.57,0.444,0.328,0.433,0.393,2.12,2.42,2.22,2.06,0.631,0.705,2.4,2.31,6.22,6.36,0.577,0.509,0.672,0.856,2.85,2.83,1.07,0.743,0.975,1.04,1,0.894,22.767,23.224,12.476,13.162,52.18,6.18,0.299,0.255
39.857,0.695,0.838,0.464,0.496,0.761,0.919,0.753,0.871,1.21,1.02,2.49,2.55,1.64,2.17,0.642,0.532,11.501,11.529,6.52,1.8,1.66,10.288,11.301,0.697,0.603,0.785,0.759,2.98,3.02,1.02,0.793,1.29,1,1.42,1.31,21.835,21.531,14.979,15.273,1.79,1.84,3.7,3.79,0.187,0.184,2.9,3.07,2.16,2.4,1.94,0.435,0.542,0.479,0.4,0.415,0.482,2.49,2.72,2.44,2.75,0.669,0.583,2.79,2.48,6.37,7.34,0.57,0.443,0.95,1.02,3.49,3.28,1.26,1.04,1.36,1.14,1.22,1.14,25.977,25.791,14.945,15.427,76.811,7.08,0.404,0.368
36.857,0.606,0.69,0.34,0.358,0.613,0.684,0.664,0.551,0.852,0.814,1.86,1.88,1.55,1.54,0.431,0.49,7.12,7.04,5.03,1.19,1.18,6.96,6.86,0.594,0.505,0.649,0.489,2.12,2.34,0.695,0.566,1.03,0.993,1.05,1.09,15.546,15.909,10.254,10.46,1.2,1.29,3.08,3.03,0.178,0.141,2.09,2.03,2.19,2.11,2.81,0.544,0.436,0.374,0.302,0.429,0.383,2.97,2.49,2.69,2.5,0.585,0.532,2.23,2.11,6.19,6.17,0.403,0.432,0.791,0.708,3.15,3.25,1.32,0.767,0.907,0.906,1.1,0.836,27.141,27.207,14.387,14.989,60.358,6.12,0.266,0.228
41.143,0.783,1.08,0.539,0.622,1.01,1.5,1.15,1.31,1.35,1.5,3.01,3.35,2.93,3.48,0.667,1.04,15.035,14.77,7.28,2.31,2.19,13.304,15.839,0.92,0.68,0.911,0.894,4.63,4.72,1.37,1.05,1.71,1.46,2.3,2.45,30.312,29.515,20.222,20.042,2.06,2.09,4.18,4.21,0.293,0.255,3.73,3.59,3.08,3.38,3.45,0.739,0.855,0.749,0.719,0.469,0.502,2.7,2.8,3.65,4.45,0.656,0.922,3.08,2.82,7.6,9.13,0.631,0.562,1.08,1.11,4.32,4.59,1.42,1.2,1.45,1.14,1.55,1.46,34.574,34.245,19.599,19.761,77.059,7.77,0.657,0.596
36.857,0.577,0.701,0.426,0.5,0.707,0.856,0.701,0.724,0.808,0.797,2.03,2.11,1.59,2,0.634,0.662,10.036,9.81,5.72,1.47,1.51,8.39,8.55,0.625,0.68,0.851,0.842,2.78,3.22,0.771,0.557,1.09,1.12,1.09,1.11,19.827,19.54,13.355,13.626,1.84,1.83,3.73,3.83,0.186,0.181,2.66,2.85,2.02,2.61,1.91,0.423,0.645,0.427,0.334,0.441,0.466,2.76,2.6,2.4,2.71,0.719,0.866,2.4,2.25,5.83,6.13,0.556,0.601,1.03,1.06,3.26,3.86,1.08,0.794,1.01,1.06,1.15,0.978,26.517,25.942,14.96,14.848,77.919,6.77,0.32,0.308
36.857,0.562,0.634,0.357,0.418,0.619,0.665,0.717,0.602,0.726,0.755,1.65,1.69,1.42,1.63,0.508,0.502,8.09,8.2,5.04,1.27,1.16,7.55,7.23,0.545,0.569,0.649,0.485,1.87,2.22,0.675,0.475,0.8,0.823,0.898,1.06,16.058,15.276,9.72,10.418,1.35,1.37,3.01,3.09,0.16,0.141,2.26,2.33,1.59,1.34,1.44,0.387,0.473,0.506,0.241,0.433,0.53,2.12,2.13,1.91,2.16,0.667,0.586,2.19,2.02,5.81,5.25,0.458,0.538,0.7,0.613,2.18,2.75,0.977,0.761,0.76,0.809,0.877,0.914,21.146,20.649,10.895,11.655,69.895,5.82,0.281,0.245
41.286,0.887,0.941,0.579,0.644,0.913,0.917,1.17,0.961,1.59,1.31,3.51,3.14,2.69,2.65,0.807,0.764,14.523,14.175,6.86,2.32,2.21,14.902,13.84,0.913,0.989,1.08,1.16,4.24,4.73,1.39,1.28,2.14,1.67,2.18,2.01,31.615,32.509,20.451,20.796,2.49,2.53,4.17,4.28,0.273,0.241,4.04,4.17,2.93,4.15,3.54,0.448,0.436,0.67,0.567,0.525,0.462,3.68,3.23,3.01,3.49,0.874,0.804,3.44,3.04,10.374,9.67,0.75,0.703,1.22,1.52,4.7,4.5,1.76,1.67,1.56,1.36,1.49,1.36,34.404,35.902,20.062,19.951,78,8.59,0.627,0.553
32.143,0.468,0.57,0.248,0.275,0.372,0.466,0.358,0.29,0.419,0.513,1.01,0.915,0.92,0.857,0.207,0.245,4.4,4.39,4.07,0.909,0.798,4.47,4.33,0.342,0.324,0.361,0.231,1.42,1.52,0.382,0.339,0.801,0.819,0.874,0.816,9.99,10.396,6.18,6.53,1.33,1.27,2.46,2.39,0.127,0.109,1.71,1.84,1.81,3.8,3.66,0.224,0.289,0.26,0.142,0.309,0.324,2.39,2.15,1.81,1.86,0.33,0.389,2.32,2.09,6.2,6.13,0.5,0.419,0.49,0.604,2.72,2.81,1.15,0.927,1.02,0.888,0.954,0.699,21.599,21.558,12.343,12.353,35.779,5.01,0.119,0.137
41.286,0.832,0.942,0.532,0.663,0.873,1.09,1.17,1.06,1.32,1.29,2.96,3.27,2.73,2.13,0.732,0.872,13.79,14.331,6.75,2.18,1.91,16.196,15.097,0.81,0.893,1.14,0.934,4.45,5.2,1.04,0.87,1.73,1.84,1.97,1.96,31.764,30.773,19.892,20.163,2.06,2.16,4.33,4.38,0.242,0.216,4.15,3.89,2.68,3.13,3.91,0.602,0.666,0.658,0.495,0.663,0.52,2.89,3.16,3.54,3.12,0.703,0.867,3.03,2.78,11.336,10.732,0.543,0.762,1.17,1.09,4.57,4.74,1.28,0.908,1.5,1.54,1.27,1.14,34.871,34.597,19.559,19.698,114.15,8.31,0.635,0.506
32.286,0.548,0.543,0.261,0.294,0.444,0.46,0.385,0.278,0.45,0.45,0.85,0.992,0.799,0.818,0.27,0.322,4.37,4.59,4.05,0.814,0.715,4.62,4.82,0.278,0.306,0.36,0.262,1.4,1.51,0.256,0.215,0.736,0.953,0.73,0.863,10.488,9.97,6.28,6.55,1.23,1.17,2.2,2.48,0.113,0.112,1.51,1.69,1.37,2.11,2.75,0.344,0.341,0.322,0.188,0.398,0.339,2.13,2.34,1.86,1.61,0.317,0.503,2.31,1.84,6.87,7.09,0.347,0.438,0.741,0.708,2.66,2.5,0.804,0.643,0.942,0.866,0.815,0.682,22.394,21.688,12.473,12.445,51.735,4.99,0.148,0.123
34,0.634,0.681,0.284,0.343,0.507,0.571,0.41,0.375,0.807,0.68,1.16,1.3,1.13,1.22,0.266,0.292,6.48,6.28,5.03,1.01,1.01,5.99,6.06,0.517,0.413,0.338,0.374,1.84,1.86,0.676,0.575,0.989,1.22,0.834,0.966,12.119,12.072,7.96,8.35,1.23,1.3,2.82,2.83,0.139,0.129,1.94,2.09,1.75,2.39,1.98,0.361,0.408,0.295,0.25,0.525,0.439,2,2.2,2.11,2.32,0.35,0.37,2.09,2.28,7.07,7.17,0.719,0.585,0.756,0.818,2.76,2.7,1.06,0.874,1.19,1.41,0.946,0.953,23.04,23.026,13.312,13.262,48.028,5.78,0.185,0.178
34,0.585,0.696,0.311,0.354,0.5,0.609,0.459,0.391,0.856,0.793,1.16,1.36,0.996,1.03,0.317,0.344,6.47,6.44,5.04,1.02,0.929,5.64,6.34,0.62,0.487,0.38,0.352,1.73,1.75,0.551,0.533,0.993,1.32,0.809,0.85,11.783,11.474,7.68,8.31,1.22,1.28,2.72,2.83,0.145,0.131,1.86,1.98,1.61,1.42,2.15,0.362,0.431,0.335,0.208,0.505,0.407,1.9,2.31,2.02,1.98,0.413,0.491,2.03,2.14,6.28,6.84,0.689,0.631,0.91,0.654,2.8,2.71,0.964,0.84,1.3,1.43,0.885,0.772,21.911,21.567,12.34,12.544,43.872,5.66,0.186,0.168
39.857,0.685,0.723,0.527,0.559,1.05,1.08,0.939,0.969,1.12,1.04,2.89,2.7,2.18,2.19,0.77,0.697,11.4,11.065,5.92,2.08,2.04,11.823,12.02,0.753,0.728,1.02,0.994,3.38,3.27,1.15,1.07,1.59,1.6,1.34,1.47,25.23,24.836,14.917,16.015,1.7,1.76,3.32,3.46,0.214,0.186,3.41,3.33,2.31,1.77,1.62,0.575,0.665,0.601,0.586,0.365,0.357,3.17,3,2.71,2.83,0.853,0.827,2.52,2.48,8.02,8.13,0.535,0.401,1.41,1.32,3.41,3.02,1.17,1.11,1.33,1.36,1.21,1.25,30.157,30.895,15.966,16.367,68.215,6.79,0.401,0.364
32.714,0.555,0.578,0.292,0.308,0.497,0.572,0.352,0.305,0.488,0.535,1.14,0.992,0.906,0.943,0.346,0.323,4.82,4.63,4.17,1.04,0.957,4.78,4.98,0.36,0.336,0.352,0.447,1.35,1.24,0.449,0.384,0.745,0.93,0.645,0.794,10.224,10.072,6.04,6.62,1.25,1.14,2.5,2.44,0.114,0.114,1.89,1.93,1.22,1.41,1.1,0.332,0.38,0.294,0.24,0.295,0.31,2.19,2.08,1.73,1.76,0.575,0.53,1.91,2,5.56,5.82,0.467,0.384,0.68,0.86,2.15,1.73,0.879,0.728,0.925,0.876,0.704,0.7,19.971,20.132,10.383,10.936,44.004,4.95,0.179,0.157
41,0.797,0.884,0.505,0.602,1.15,1.18,1.27,1.23,1.48,1.19,3.01,3.12,2.52,2.51,0.765,0.75,12.226,11.926,6.28,1.82,1.69,11.296,11.559,1.05,0.73,1.2,1.13,3.7,3.59,1.07,0.858,1.45,1.7,1.5,1.31,25.406,24.514,16.065,16.698,1.76,1.85,4.01,4.16,0.245,0.221,3.33,3.41,2.18,1.68,1.65,0.749,0.775,0.917,0.651,0.513,0.415,3.16,3.1,3.77,3.58,0.789,0.814,2.7,2.35,7.13,7.44,0.612,0.478,1.64,1.46,4.13,3.49,1.69,1.28,1.29,1.38,1.3,1.05,29.709,28.726,16.896,17.05,73.806,7.43,0.504,0.471
32.714,0.485,0.564,0.233,0.262,0.516,0.515,0.463,0.324,0.579,0.475,0.972,0.902,0.899,0.96,0.263,0.278,4.48,4.46,3.82,0.896,0.702,3.6,3.77,0.409,0.294,0.335,0.383,1.24,1.09,0.39,0.268,0.829,0.924,0.572,0.598,8.63,8.42,5.3,5.44,1.1,1.11,2.58,2.67,0.112,0.114,1.58,1.67,0.956,1.16,1.39,0.34,0.315,0.392,0.187,0.342,0.249,2.45,2.29,2.28,2.15,0.293,0.368,1.65,1.59,4.99,5,0.356,0.31,0.717,0.629,2.83,2.15,1.01,0.906,0.885,1.02,0.651,0.509,19.311,19.131,10.985,11.172,32.899,4.62,0.0977,0.108
43.571,0.824,0.913,0.502,0.578,0.932,1.03,1.18,1.25,1.13,1.09,3.41,3.39,2.81,2.78,0.722,0.855,16.88,17.086,7.04,2.14,2.07,13.227,12.531,0.907,0.814,1.04,1.24,4.82,4.98,1.42,1.41,1.94,2.25,1.87,2.13,31.746,31.369,21.106,21.762,1.83,1.87,4.39,4.36,0.219,0.203,3.62,3.68,2.88,7.75,6.25,0.8,0.7,0.846,0.72,0.373,0.336,2.44,2.79,3.22,3.15,0.899,0.836,2.66,2.29,7.17,6.73,0.492,0.44,0.946,1.24,4.46,4.06,1.3,1.24,1.27,1.34,1.31,1.53,32.586,32.641,18.433,19.486,85.97,7.5,0.553,0.582
35.571,0.571,0.595,0.356,0.457,0.546,0.621,0.607,0.527,1.07,1.05,1.81,1.63,1.45,1.38,0.494,0.523,8.55,7.99,5.56,1.32,1.14,7.31,7.01,0.414,0.523,0.705,0.687,2.49,2.41,0.757,0.784,1.02,1.03,1.02,1.12,17.43,17.276,11.199,11.92,1.42,1.5,3.06,3.04,0.21,0.18,2.44,2.39,2.15,1.89,4.1,0.438,0.378,0.475,0.335,0.443,0.231,2.86,2.36,2.62,2.25,0.564,0.644,2.45,2.53,7,6.72,0.394,0.465,1.14,1.09,4,3.32,1.41,1.21,1.15,0.859,1.04,0.84,26.717,27.088,16.254,16.342,79.751,6.44,0.282,0.229
42.714,0.905,0.953,0.527,0.6,1.05,1.07,1.27,1.2,1.3,1.3,4.18,3.54,3.24,3.07,0.744,0.915,17.438,16.331,7.81,2.32,2.25,16.417,15.202,0.781,0.944,1.51,1.4,5.91,5.51,1.83,1.59,1.78,1.33,1.89,1.91,34.911,35.174,24.168,24.867,2.34,2.47,4.71,4.78,0.276,0.246,3.82,4.01,3.45,2.6,5.22,0.746,0.6,0.884,0.637,0.55,0.442,3.51,2.72,3.12,3.08,1.02,1.09,3.45,3.24,9.06,8.5,0.561,0.625,1.67,1.59,5.14,3.99,1.89,1.52,1.64,1.14,1.58,1.45,33.306,34.009,21.055,21.145,118.27,9.49,0.512,0.523
38.143,0.548,0.629,0.293,0.335,0.542,0.695,0.484,0.57,0.809,0.688,1.42,1.54,1.27,1.3,0.46,0.576,5.05,5.08,4.15,1,1,6.65,6.95,0.592,0.475,0.638,0.535,2.16,2.24,0.585,0.634,0.865,1.03,0.914,0.961,14.476,13.611,9.45,10.382,1.1,1.03,2.09,2.03,0.133,0.119,1.98,1.81,1.36,2.39,3.26,0.332,0.557,0.344,0.37,0.415,0.328,1.61,1.79,1.74,1.77,0.574,0.694,1.58,1.45,4.4,4.87,0.426,0.374,0.736,0.687,2.89,2.31,0.755,0.718,0.832,0.959,0.835,0.725,19.372,18.947,11.111,12.178,55.774,4.75,0.173,0.16
38.143,0.551,0.654,0.396,0.407,0.677,0.696,0.68,0.559,0.969,0.87,2.09,2.09,1.58,1.54,0.463,0.521,7.66,7.44,4.68,1.48,1.47,7.17,7.24,0.498,0.572,0.448,0.591,2.36,2.43,0.818,0.704,1.3,1.39,1.36,1.35,18.292,17.984,12.163,12.785,1.38,1.44,3.17,3.28,0.167,0.152,2.51,2.64,1.96,2.82,2.42,0.451,0.476,0.395,0.303,0.359,0.344,2.65,2.49,2.72,2.68,0.599,0.649,2.03,2.01,5.5,5.62,0.372,0.309,0.924,1.14,3.3,3.33,1.27,1.02,1.14,1.19,1.24,0.959,28.601,28.135,15.755,16.221,48.713,5.69,0.336,0.372
34.714,0.549,0.566,0.356,0.377,0.579,0.65,0.488,0.4,0.724,0.671,1.38,1.55,1.1,1.15,0.396,0.486,6.71,6.41,4.87,1.25,1.21,6.61,6.61,0.476,0.386,0.577,0.473,1.91,1.94,0.725,0.622,1.07,1.42,0.952,1.1,13.563,13.449,9.33,9.99,1.41,1.44,3.06,3.09,0.152,0.14,2.36,2.36,1.67,2.36,1.96,0.473,0.456,0.376,0.268,0.413,0.347,2.25,2.44,2.15,2.17,0.535,0.612,2.42,2.55,7,6.91,0.518,0.414,0.978,0.92,3.12,3.24,1.5,1.12,1.26,1.61,0.963,0.917,26.618,25.954,15.831,16.327,38.682,5.4,0.217,0.199
35.429,0.623,0.727,0.329,0.35,0.609,0.55,0.535,0.492,0.954,0.788,1.67,1.89,1.34,1.33,0.409,0.481,7.71,7.52,5.01,1.24,1.19,6.94,7.11,0.472,0.481,0.594,0.525,2.22,2.3,0.759,0.738,1.1,1.14,1.05,1.13,15.584,15.333,9.69,10.518,1.33,1.36,2.86,2.88,0.148,0.143,2.14,2.24,2.01,4.24,3.4,0.594,0.538,0.461,0.316,0.413,0.334,2.58,2.76,2.74,2.48,0.556,0.698,2.21,1.94,6.88,7.28,0.509,0.434,1.14,0.899,3.46,3.24,1.21,1.1,1.13,1.15,1.02,0.905,26.163,25.428,15.602,16.087,67.716,6.12,0.212,0.201
39.714,0.753,0.83,0.428,0.484,0.893,0.808,0.904,0.854,1.22,1.07,2.76,2.98,2.12,2.09,0.666,0.681,11.608,11.404,6.1,1.78,1.77,11.324,11.756,0.748,0.694,1.01,0.981,3.54,3.34,1.28,1.16,1.52,1.42,1.51,1.58,23.624,23.704,15.115,16.444,1.78,1.94,3.66,3.83,0.21,0.188,2.87,2.95,2.28,5.04,3.95,0.774,0.663,0.659,0.493,0.518,0.472,3.15,3.25,3.06,2.87,0.782,0.928,3,2.58,8.2,8.68,0.641,0.566,1.43,1.24,4.38,3.88,1.5,1.38,1.59,1.52,1.37,1.21,31.601,30.899,18.311,18.522,67.375,7.65,0.386,0.374
35.714,0.6,0.687,0.344,0.391,0.59,0.658,0.601,0.555,0.901,0.839,1.96,1.97,1.59,1.69,0.394,0.4,7.65,7.25,5.22,1.37,1.22,7.73,8.22,0.541,0.443,0.572,0.52,2.57,2.69,0.751,0.706,1.05,1.1,1.16,1.28,15.621,15.819,12.199,12.244,1.43,1.53,3.3,3.31,0.191,0.16,2.18,2.18,1.78,1.4,1.64,0.367,0.378,0.497,0.346,0.443,0.337,2.64,2.48,2.5,2.75,0.493,0.443,2.26,2.35,7.49,7.49,0.555,0.372,1.01,0.914,3.63,3.53,1.23,1.13,1.17,1.14,1.07,0.908,25.983,26.322,16.6,16.958,64.216,6.23,0.267,0.21
40,0.678,0.788,0.418,0.486,0.809,0.917,0.967,0.93,1.15,1.02,3.15,2.91,2.51,2.49,0.547,0.669,12.174,11.505,6.46,2.01,1.93,13.301,13.105,0.865,0.663,0.989,0.829,4.51,4.54,1.36,1.32,1.59,1.45,1.87,1.92,26.089,26.402,20.462,20.445,1.77,1.95,4.16,4.16,0.271,0.209,3.18,3.09,2.65,1.88,2.4,0.642,0.586,0.706,0.63,0.47,0.34,2.95,2.8,2.93,3.35,0.623,0.652,2.5,2.55,9.11,8.78,0.542,0.401,1.37,1.18,4.56,4.07,1.55,1.44,1.55,1.53,1.43,1.23,31.837,32.109,20.965,20.86,83.617,7.54,0.566,0.407
29.857,0.38,0.433,0.188,0.226,0.276,0.338,0.259,0.213,0.383,0.31,0.477,0.53,0.591,0.601,0.12,0.168,3.04,2.82,3.05,0.512,0.406,2.26,2.34,0.248,0.178,0.19,0.222,0.901,0.825,0.255,0.182,0.52,0.694,0.58,0.607,5.55,5.8,3.38,3.71,0.787,0.804,1.61,1.62,0.0944,0.0774,1.09,1.03,1.12,2.9,2.79,0.227,0.251,0.201,0.126,0.224,0.14,1.6,1.63,1.4,1.33,0.247,0.403,1.29,1.19,3.18,3.49,0.354,0.248,0.262,0.539,1.99,1.88,0.676,0.561,0.693,0.487,0.545,0.427,14.443,14.292,9.15,9.24,35.735,3.3,0.0799,0.07
38.429,0.577,0.606,0.356,0.4,0.638,0.705,0.571,0.633,0.886,0.822,1.92,1.82,1.54,1.33,0.455,0.537,9.11,8.74,5.23,1.3,1.22,7.71,7.72,0.75,0.571,0.554,0.703,2.32,2.69,0.909,0.666,1.07,0.885,1.11,1.08,17.002,17.289,11.051,11.704,1.38,1.44,2.9,2.94,0.173,0.14,2.26,2.42,2.08,2.88,2.81,0.397,0.466,0.342,0.341,0.407,0.39,2.32,2.18,2.26,2.12,0.55,0.664,2.47,2.37,5.78,5.48,0.751,0.472,0.571,0.766,2.94,2.97,1.08,1.02,1.29,0.975,1,0.878,21.587,22.53,12.662,12.877,70.225,5.87,0.306,0.327
35.714,0.69,0.732,0.373,0.411,0.696,0.738,0.6,0.54,0.834,0.759,1.66,1.52,1.59,1.37,0.437,0.456,7.49,7.3,5.03,1.16,1.11,6.69,6.59,0.467,0.475,0.574,0.424,1.94,2.13,0.733,0.636,1.07,0.911,0.898,0.915,14.647,14.597,8.97,9.26,1.52,1.45,2.48,2.54,0.144,0.135,1.97,2.25,1.78,2.52,3.69,0.502,0.432,0.414,0.322,0.517,0.414,2.51,2.29,2.39,2.18,0.589,0.637,2.08,2,6.51,6.31,0.54,0.551,0.964,0.785,2.87,2.78,1.12,0.921,1.45,1.06,0.972,0.878,23.279,23.261,12.714,12.697,81.871,6.05,0.253,0.252
40.143,0.828,0.89,0.485,0.549,0.997,1.08,1.13,1.07,1.15,0.952,3.06,2.79,2.68,2.46,0.643,0.71,12.68,12.489,6.46,1.8,1.71,12.325,12.002,0.724,0.745,0.983,0.853,3.44,3.77,1.34,1.11,1.79,1.48,1.44,1.49,25.236,25.204,16.212,16.59,2.03,2.17,3.37,3.32,0.256,0.231,3.11,3.21,2.47,3.31,5,0.611,0.648,0.7,0.552,0.568,0.485,3.17,2.89,3.21,3.01,0.747,0.883,2.64,2.66,8.52,8.24,0.66,0.662,1.28,1.1,3.73,3.41,1.41,1.19,1.89,1.37,1.47,1.2,29.593,28.948,16.365,15.74,94.74,7.38,0.429,0.419
36.429,0.662,0.683,0.491,0.507,0.693,0.794,0.772,0.771,1.18,1.04,2.11,2.12,1.71,1.79,0.571,0.641,9.37,8.89,5.95,1.4,1.5,8.96,8.81,0.649,0.569,0.627,0.701,2.52,2.96,1.02,0.811,1.3,1.3,1.24,1.24,18.97,18.911,12.327,12.571,2.03,2.06,3.42,3.42,0.202,0.193,2.78,2.95,1.99,3.26,4.87,0.503,0.451,0.483,0.407,0.586,0.425,2.79,2.98,2.79,2.98,0.663,0.77,2.69,2.81,7.92,8.48,0.673,0.581,0.966,0.982,3.62,3.68,1.61,1.17,1.32,1.18,1.19,0.943,29.81,29.583,16.783,15.974,67.214,7.31,0.241,0.274
39.714,0.828,0.917,0.587,0.636,0.977,1.11,1.11,1.08,1.42,1.21,3.19,3.22,2.44,2.92,0.766,0.906,14.518,13.498,7.36,2.06,2.11,13.682,13.741,0.869,0.76,1.07,0.928,4.1,4.55,1.71,1.25,1.62,1.43,1.8,1.76,28.35,28.638,18.594,19.505,2.53,2.61,4.15,4.15,0.27,0.272,3.95,3.96,2.58,3.61,5.38,0.718,0.727,0.847,0.666,0.758,0.557,3.07,3.36,3.34,3.25,0.887,0.916,3.38,3.27,10.032,10.134,0.821,0.711,1.31,1.13,4.18,4.33,1.88,1.48,1.67,1.3,1.67,1.29,35.056,34.797,20.613,19.814,80.373,8.71,0.531,0.476
35.571,0.456,0.618,0.359,0.516,0.433,0.534,0.541,0.444,0.678,0.633,1.27,1.29,1.31,1.28,0.26,0.234,7.19,6.9,4.77,1.11,0.958,5.99,5.84,0.407,0.397,0.471,0.389,1.7,1.98,0.484,0.386,0.867,0.966,0.799,0.75,12.586,12.582,8.49,8.92,1.12,1.34,2.89,2.79,0.143,0.125,1.9,1.93,1.71,1.84,2.35,0.281,0.27,0.32,0.205,0.413,0.293,2.14,2.02,2.32,2.29,0.217,0.269,2.45,2.2,5.7,5.37,0.401,0.365,0.927,0.905,2.47,2.74,0.907,0.614,1.12,0.822,0.878,0.71,20.231,20.865,11.129,11.341,78.915,5.74,0.206,0.18
42,0.604,0.717,0.52,0.586,0.886,1.08,1.1,1.12,1.25,1.18,2.84,2.99,2.6,2.77,0.629,0.736,13.84,13.958,6.85,2.12,1.93,13.867,13.71,0.753,0.68,0.969,0.871,4.22,4.48,1.11,0.985,1.71,1.27,1.72,1.62,27.407,27.978,18.591,19.294,1.85,2.01,4.16,4.17,0.251,0.215,3.5,3.37,2.93,3.16,2.92,0.536,0.541,0.569,0.53,0.54,0.537,2.51,2.6,3.04,3.07,0.472,0.774,3.07,2.93,7.13,7.47,0.591,0.419,1.22,1.26,3.49,3.55,1.2,0.814,1.61,1.12,1.49,1.13,27.363,28.465,15.798,16.212,104.38,7.46,0.527,0.473
35.571,0.487,0.594,0.363,0.371,0.587,0.61,0.527,0.448,0.901,0.863,1.29,1.28,1.34,1.21,0.452,0.546,7.32,6.94,5.15,1.1,1,6.17,6.13,0.505,0.426,0.388,0.409,1.83,1.93,0.539,0.472,0.842,0.893,0.895,0.897,12.931,12.824,9.51,9.74,0.921,1.28,2.97,2.9,0.142,0.127,1.74,1.87,1.61,1.89,1.31,0.377,0.396,0.388,0.268,0.4,0.393,1.8,1.77,2.37,2.05,0.545,0.795,2.21,1.99,5.36,5.18,0.47,0.407,0.578,0.57,2.53,2.73,0.944,0.763,1.08,0.825,0.967,0.853,20.169,20.111,12.506,12.65,59.552,5.91,0.238,0.205
36.857,0.5,0.615,0.368,0.38,0.735,0.736,0.698,0.664,0.894,0.774,1.87,2.02,1.77,1.75,0.555,0.555,8.61,8.28,5.15,1.24,1.15,7.53,7.32,0.535,0.604,0.612,0.545,2.31,2.69,0.822,0.673,1.01,1.05,1.16,0.992,15.611,15.628,11.354,11.413,1.42,1.47,3.19,3.21,0.218,0.172,2.3,2.3,2.27,2.47,2.5,0.575,0.594,0.635,0.489,0.487,0.346,2.58,2.66,3.09,3.01,0.726,0.757,2.21,2.12,7.24,6.86,0.488,0.609,1.09,0.891,3.34,3.54,1.41,1.01,1,0.9,1.11,0.907,25.386,25.966,15.342,15.191,63.498,5.69,0.347,0.28
39.571,0.581,0.719,0.42,0.445,1.01,1.08,0.929,0.841,1.12,0.942,2.64,2.84,2.57,2.5,0.779,0.747,12.103,11.554,5.85,1.6,1.52,10.771,10.673,0.68,0.781,0.88,0.819,3.38,3.81,1.28,0.995,1.22,1.23,1.47,1.33,21.615,21.783,15.811,16.154,1.74,1.75,3.74,3.8,0.237,0.21,2.78,2.88,2.64,2.53,2.55,0.688,0.786,0.788,0.589,0.474,0.369,2.87,3.07,3.37,3.41,0.851,0.867,2.79,2.54,8.4,8.14,0.614,0.702,1.35,1.16,3.88,4.1,1.65,1.2,1.21,1.08,1.38,1.13,29.469,30.124,17.987,17.788,65.838,6.82,0.458,0.434
36.857,0.553,0.612,0.361,0.397,0.723,0.746,0.64,0.667,0.883,0.838,1.91,1.96,1.75,1.67,0.618,0.639,8.58,8.41,5.04,1.24,1.22,7.99,7.19,0.561,0.54,0.695,0.59,2.41,2.7,0.825,0.792,1.18,1.22,1.07,1.17,16.366,16.619,11.33,12.49,1.37,1.42,3.33,3.38,0.164,0.134,2.22,2.27,2.03,2.92,2.85,0.675,0.599,0.571,0.377,0.516,0.435,2.5,2.63,3.01,2.78,0.749,0.808,2.3,2.28,7.45,6.83,0.603,0.56,0.908,0.902,3.8,3.53,1.53,1.36,1.44,1.2,1.08,0.992,26.961,26.367,15.861,16.903,48.048,5.68,0.331,0.33
39.571,0.592,0.731,0.447,0.502,0.968,0.929,0.868,0.885,1.08,0.938,2.66,2.71,2.42,2.28,0.765,0.799,11.851,11.87,5.73,1.61,1.64,11.199,10.167,0.754,0.717,0.872,0.74,3.34,3.59,1.2,1.16,1.41,1.36,1.33,1.47,22.421,22.473,15.824,17.212,1.69,1.73,3.84,3.91,0.198,0.171,2.87,2.92,2.47,3.55,3.25,0.91,0.73,0.689,0.504,0.41,0.43,2.5,2.74,3.33,3.1,0.864,0.969,2.47,2.36,8.43,7.78,0.678,0.69,1.24,1.15,4.01,3.94,1.64,1.67,1.55,1.33,1.23,1.1,30.404,29.874,18.044,19.539,56.295,6.34,0.463,0.472
37.143,0.724,0.881,0.464,0.516,0.589,0.672,0.692,0.709,0.993,0.749,2.17,2.07,1.76,1.71,0.564,0.552,8.91,8.93,5.8,1.54,1.46,9.67,9.85,0.692,0.687,0.615,0.64,2.58,2.95,1.1,0.958,1.41,1.52,1.32,1.28,18.728,19.135,13.998,13.781,1.41,1.45,3.51,3.51,0.202,0.17,2.57,2.64,2.42,2.63,2.59,0.402,0.352,0.364,0.355,0.48,0.442,2.49,2.51,2.46,2.45,0.585,0.849,2.36,2.54,6.38,7.08,0.569,0.477,0.964,0.862,2.9,2.96,1.25,1.14,1.35,1.12,1.09,0.832,26.187,26.253,16.01,15.926,86.556,6.67,0.338,0.329
34,0.674,0.722,0.334,0.351,0.702,0.738,0.643,0.597,0.963,0.791,1.4,1.52,1.5,1.53,0.349,0.359,6.29,6.15,5,1.23,1.15,6.08,6.57,0.472,0.467,0.517,0.385,2.12,2.04,0.636,0.51,1.08,1.21,1.05,1.12,13.282,13.777,9.49,9.91,1.64,1.68,3.23,3.15,0.148,0.157,2.15,2.36,2.13,2.55,1.8,0.486,0.671,0.562,0.473,0.361,0.388,2.97,2.91,3.14,3.46,0.379,0.571,2.56,2.39,7.72,8.66,0.672,0.543,1.01,0.818,3.69,3.61,1.48,1.16,1.24,1.16,1.29,1.14,27.43,27.064,16.835,17.402,55.253,6.4,0.226,0.229
37.429,0.692,0.877,0.432,0.432,0.711,0.824,0.822,0.792,0.908,0.785,2.04,2.02,1.67,1.74,0.59,0.584,8.98,8.72,5.84,1.39,1.25,8.63,8.64,0.572,0.573,0.67,0.732,2.89,2.73,0.819,0.832,1.04,1.25,1.12,1.09,18.229,17.998,11.746,12.875,1.67,1.72,3.53,3.47,0.165,0.164,2.3,2.68,2.01,3.74,2.45,0.462,0.502,0.434,0.481,0.636,0.559,2.69,2.53,2.47,2.55,0.717,0.829,2.77,2.7,7.4,7.15,0.642,0.627,0.995,1.06,3.48,3.41,1.3,1.34,1.12,1.46,1.2,1.11,26.472,25.612,15.504,16.442,60.903,7.28,0.27,0.293
35.714,0.552,0.646,0.36,0.403,0.742,0.761,0.648,0.607,0.738,0.703,1.74,1.69,1.5,1.5,0.43,0.403,6.92,6.83,4.58,1.08,0.975,6.37,6.42,0.552,0.378,0.503,0.507,1.79,2.26,0.682,0.672,1.15,1.11,1.07,1.14,15.222,14.941,10.141,10.25,1.38,1.43,2.77,2.77,0.172,0.135,2.17,2.14,2.25,4.83,3.55,0.554,0.568,0.454,0.391,0.337,0.333,2.32,2.01,2.35,2.35,0.447,0.532,1.79,1.67,5.57,5.48,0.534,0.334,0.816,0.628,2.3,2.67,1.15,1.12,1.21,1.12,1.02,0.943,22.931,22.998,13.432,13.622,73.204,5.76,0.251,0.213
38.429,0.62,0.777,0.451,0.507,1.02,1.05,0.95,0.864,0.977,0.884,2.57,2.3,2.03,2.18,0.614,0.519,9.74,9.67,5.24,1.44,1.29,9.25,9.57,0.681,0.478,0.841,0.614,2.68,3.32,1.05,0.979,1.51,1.48,1.42,1.57,20.852,20.358,14.238,14.389,1.59,1.66,3.42,3.37,0.183,0.165,2.74,2.65,2.71,6.06,3.96,0.643,0.694,0.548,0.485,0.349,0.324,2.71,2.37,2.82,2.78,0.613,0.589,2.03,1.94,6.2,6.66,0.546,0.361,1.02,0.747,2.8,3.22,1.36,1.26,1.45,1.31,1.23,1.17,27.326,26.849,15.945,16.239,85.848,6.11,0.318,0.288
36.714,0.634,0.765,0.421,0.44,0.655,0.752,0.646,0.581,1.08,0.725,2.13,2.02,1.39,1.5,0.63,0.546,9.98,9.83,6.08,1.41,1.27,8.51,8.41,0.623,0.589,0.563,0.694,2.39,2.4,0.828,0.639,1.19,1.13,1.06,1.13,16.247,16.062,10.895,11.405,1.52,1.63,3.13,3.1,0.168,0.154,2.4,2.48,2.05,4.13,4.22,0.462,0.57,0.469,0.413,0.558,0.457,2.82,2.53,2.01,2.26,0.822,0.845,2.3,2.39,7.45,7.25,0.75,0.613,0.838,0.972,3.14,2.93,1.34,0.957,1.17,1.17,1.05,1.04,25.823,25.112,13.857,13.924,68.928,6.6,0.283,0.269
36.714,0.641,0.733,0.378,0.425,0.732,0.787,0.684,0.663,0.983,0.867,2.31,2.07,1.76,1.59,0.579,0.487,9.84,9.71,6.09,1.32,1.32,7.75,7.81,0.617,0.552,0.748,0.801,2.68,2.39,0.962,0.622,1.11,1.18,1.12,1.1,16.706,16.998,11.631,12.266,1.44,1.52,3.19,3.16,0.156,0.154,2.39,2.46,2.26,4.29,3.46,0.672,0.777,0.486,0.523,0.717,0.625,2.76,2.57,2.72,2.49,0.655,0.634,2.25,2.15,6.83,6.85,0.702,0.577,1.11,0.964,3.3,2.81,1.12,0.956,1.11,1.2,1.13,1.02,25.889,25.705,14.672,14.898,69.701,6.87,0.284,0.261
36.286,0.585,0.648,0.318,0.328,0.444,0.488,0.409,0.446,0.774,0.655,1.35,1.23,1.13,1.09,0.399,0.387,6.57,6.37,4.53,1.02,1.04,6.55,6.03,0.364,0.385,0.427,0.455,1.67,1.97,0.639,0.534,0.793,0.945,0.888,0.947,12.772,13.033,8.21,8.51,1.2,1.3,2.95,2.82,0.141,0.127,1.96,1.88,1.69,2.66,2.53,0.338,0.311,0.25,0.218,0.541,0.488,2.03,1.92,2.05,2.05,0.601,0.673,1.89,1.78,5.91,5.28,0.428,0.423,0.738,0.849,2.42,2.59,0.957,0.786,0.939,0.943,0.914,0.861,22.203,21.796,12.566,12.497,41.541,5.15,0.255,0.23
42.857,0.708,0.86,0.423,0.478,0.712,0.927,0.9,0.93,1.11,0.946,2.58,2.31,2.01,1.93,0.648,0.695,11.839,11.537,5.82,1.87,1.93,13.475,12.454,0.615,0.683,0.804,1.05,3.77,3.65,1.56,1.05,1.71,1.48,1.64,1.73,27.113,26.908,17.506,17.863,1.47,1.65,4.03,3.98,0.25,0.181,3.44,3.25,2.54,3.8,2.98,0.602,0.489,0.722,0.525,0.636,0.571,2.66,2.35,3.22,3.15,1.04,0.979,2.4,2.27,6.95,6.25,0.583,0.502,1.1,1.37,3.12,3.48,1.41,1.07,1.23,1.25,1.3,1.32,27.782,28.103,15.935,16.016,73.784,6.58,0.605,0.562
32.714,0.426,0.429,0.221,0.229,0.392,0.376,0.325,0.27,0.522,0.489,0.78,0.77,0.66,0.643,0.166,0.186,4.35,4.41,3.37,0.631,0.603,3.49,3.83,0.288,0.303,0.286,0.217,1.01,0.987,0.372,0.268,0.521,0.594,0.536,0.534,7.57,7.81,4.32,4.63,0.657,0.763,1.83,1.85,0.1,0.0935,1.62,1.57,1.3,1.13,1.25,0.212,0.19,0.228,0.169,0.277,0.257,1.8,1.5,1.22,1.28,0.187,0.268,1.25,1.23,4.33,4.6,0.276,0.256,0.487,0.405,1.92,1.82,0.853,0.639,0.552,0.541,0.547,0.403,14.25,14.639,8.22,8.35,50.468,3.41,0.127,0.121
42.857,0.663,0.763,0.492,0.516,0.615,0.701,0.781,0.857,0.952,0.814,2.44,2.43,1.67,1.96,0.521,0.475,13.497,14.199,5.69,1.62,1.57,10.752,10.918,0.73,0.818,0.904,0.761,3.16,3.44,1.1,0.858,1.18,1.08,1.26,1.35,22.456,23.036,13.973,14.516,1.38,1.4,3.46,3.45,0.214,0.187,3.1,3.2,2.4,2.73,3.06,0.436,0.456,0.485,0.493,0.464,0.4,2.18,1.99,2.08,2.29,0.536,0.489,1.92,1.8,6.21,6.3,0.386,0.41,0.957,0.72,2.93,2.96,1.11,0.914,0.876,0.967,1.16,0.871,21.039,21.613,12.027,12.549,108.43,6.18,0.348,0.393
33.571,0.53,0.561,0.268,0.292,0.402,0.411,0.365,0.314,0.645,0.538,1.04,1.13,0.8,0.963,0.207,0.241,5.65,5.73,4.24,0.986,0.949,4.71,5.04,0.351,0.363,0.393,0.37,1.38,1.33,0.493,0.396,0.698,0.762,0.789,0.81,10.244,10.317,6.57,6.76,1.16,1.15,2.71,2.66,0.126,0.112,1.65,1.74,1.62,2.32,1.83,0.296,0.312,0.29,0.207,0.316,0.298,2.29,2.14,1.64,1.79,0.226,0.279,2.05,2.02,5.78,5.88,0.355,0.388,0.761,0.753,2.37,2.26,1.04,1.01,0.951,0.713,0.86,0.634,20.206,20.698,12.146,11.643,63.579,4.92,0.157,0.177
40.857,0.692,0.745,0.475,0.531,0.838,0.995,0.96,0.814,1.36,1.1,2.67,2.51,1.92,1.96,0.575,0.588,13.487,13.139,6.33,1.91,1.88,12.142,12.528,0.833,0.853,1.06,1.02,3.49,3.79,1.18,1.1,1.38,1.17,1.69,1.55,23.806,23.934,16.65,16.87,1.73,1.79,4.36,4.23,0.193,0.172,2.95,2.99,2.39,2.23,2.09,0.492,0.524,0.586,0.447,0.436,0.339,2.98,2.61,2.5,2.73,0.574,0.521,2.8,2.77,7.84,8.26,0.567,0.523,1.41,1.29,3.72,3.51,1.39,1.31,1.3,1,1.3,1.05,28.437,29.215,17.704,17.078,98.003,7.23,0.485,0.459
32.429,0.43,0.469,0.258,0.255,0.388,0.479,0.315,0.318,0.52,0.452,0.884,0.906,0.83,0.816,0.206,0.258,4.64,4.53,3.66,0.708,0.689,4.01,3.66,0.321,0.223,0.225,0.199,1.15,1.14,0.452,0.362,0.571,0.538,0.744,0.72,8.04,8.06,5.29,5.29,0.836,0.889,2.05,1.8,0.0977,0.0914,1.36,1.44,1.2,2.53,1.45,0.238,0.297,0.206,0.196,0.285,0.271,1.92,1.94,1.53,1.5,0.31,0.409,1.54,1.35,4.39,4.87,0.397,0.271,0.462,0.421,1.92,2.08,1.01,0.64,0.681,0.61,0.666,0.51,15.576,15.368,10.273,9.69,56.483,3.87,0.098,0.112
41.714,0.689,0.808,0.477,0.493,0.803,0.956,0.928,1.09,1.08,0.933,2.66,3.03,1.93,2.51,0.575,0.71,11.879,11.24,5.93,1.8,1.74,11.915,12.223,0.753,0.669,0.827,0.85,3.55,3.4,1.61,1.25,1.4,1.08,1.49,1.52,23.981,24.129,17.084,16.459,1.52,1.61,3.62,3.49,0.19,0.185,2.74,2.89,2.01,4.31,2.54,0.502,0.618,0.579,0.502,0.314,0.402,2.61,2.47,2.68,2.95,0.666,0.872,2.47,2.23,6.06,7.39,0.476,0.348,1.2,1.03,3.3,3.19,1.62,1.02,1.2,1.05,1.19,1.06,25.322,24.454,15.365,14.559,105.03,6.78,0.453,0.444
33.286,0.47,0.56,0.261,0.286,0.454,0.579,0.346,0.356,0.637,0.535,0.909,0.95,0.901,1.08,0.253,0.306,5.17,5.23,4.19,0.999,1.02,4.76,5.27,0.352,0.33,0.315,0.293,1.23,1.39,0.486,0.29,0.913,1,0.827,0.861,10.409,10.395,6.03,6.54,1.08,1.1,2.59,2.47,0.124,0.107,1.75,1.88,1.32,2.16,1.77,0.287,0.308,0.232,0.194,0.295,0.278,2.12,2.18,1.73,1.71,0.334,0.478,1.95,1.91,6.38,6.34,0.382,0.35,0.543,0.568,2.25,2.28,1.22,0.589,0.98,0.815,0.862,0.712,20.743,20.579,12.134,11.944,51.302,4.92,0.166,0.167
42.286,0.732,0.97,0.463,0.561,0.954,1.12,1.01,1.27,1.24,1.22,3.16,2.96,2.52,3.25,0.606,0.82,9.94,10.624,6.48,2.54,2.56,15.034,14.35,0.918,0.867,1.17,1.06,4.19,4.5,1.4,1.07,2.11,2.29,2.1,1.93,30.049,30.11,20.166,20.22,1.74,1.88,4.46,4.55,0.235,0.217,3.69,3.63,2.48,4.18,3.35,0.63,0.703,0.698,0.569,0.507,0.42,3.23,3.11,3.54,3.67,0.861,0.89,3.01,2.82,10.091,10.082,0.598,0.615,1.11,1.27,4.07,3.8,1.74,1.03,1.45,1.54,1.39,1.35,34.82,34.546,20.38,20.134,91.061,8.02,0.683,0.549
33.286,0.494,0.578,0.266,0.262,0.421,0.502,0.311,0.306,0.515,0.469,0.874,0.969,0.879,0.885,0.244,0.299,5.07,4.95,4.12,0.86,0.889,4.49,4.65,0.326,0.312,0.355,0.263,1.24,1.13,0.358,0.345,0.861,0.922,0.736,0.832,10.033,9.94,6,6.13,1.04,1.05,2.43,2.44,0.108,0.106,1.62,1.75,1.29,1.72,1.61,0.279,0.287,0.22,0.157,0.341,0.286,2.03,1.99,1.66,1.59,0.392,0.456,1.91,1.82,5.52,5.94,0.351,0.338,0.588,0.311,2.19,1.87,0.908,0.725,0.869,0.764,0.754,0.67,18.801,18.898,11.367,10.975,50.646,4.84,0.15,0.164
42.286,0.771,1.01,0.464,0.56,0.938,1.02,0.958,1.12,1.26,1.13,2.95,3.01,2.49,3.01,0.761,0.814,12.579,13.162,6.68,2.37,2.26,13.04,13.889,0.896,0.892,1.2,0.938,3.82,3.9,1.23,1.12,2.16,1.88,1.83,2.15,28.772,29.255,19.492,19.154,1.7,1.71,4.34,4.33,0.223,0.214,3.53,3.51,2.4,3.08,2.58,0.566,0.817,0.647,0.606,0.449,0.455,3.05,2.92,3.29,3.42,0.763,0.829,2.76,2.79,8.52,9.47,0.587,0.607,1.33,0.834,3.63,3.72,1.48,1.11,1.66,1.32,1.42,1.32,32.575,32.238,19.752,18.994,90.292,7.79,0.66,0.576
29.286,0.447,0.382,0.176,0.192,0.213,0.226,0.184,0.162,0.403,0.321,0.586,0.512,0.542,0.551,0.161,0.161,2.66,2.53,2.99,0.528,0.452,2.8,2.49,0.178,0.194,0.142,0.129,0.832,0.799,0.232,0.25,0.621,0.779,0.597,0.585,5,5.31,3.36,3.99,0.654,0.732,1.62,1.57,0.0802,0.0826,0.916,1.01,0.834,2.76,2.74,0.157,0.117,0.155,0.081,0.14,0.184,1.72,1.62,1.39,1.13,0.244,0.294,1.36,1.27,4.2,3.44,0.246,0.223,0.149,0.295,1.9,1.71,0.738,0.643,0.63,0.553,0.543,0.42,14.305,14.302,8.43,8.94,25.846,3.36,0.0931,0.0919
35.286,0.606,0.641,0.323,0.339,0.523,0.554,0.428,0.441,0.675,0.594,1.31,1.42,1.29,1.3,0.343,0.368,6.97,6.83,4.93,0.866,0.927,6.58,6.32,0.545,0.508,0.439,0.403,1.63,1.84,0.518,0.574,0.805,0.889,0.848,0.852,12.113,11.875,8,8.34,1.41,1.44,3.12,3.19,0.148,0.137,1.79,2.07,1.67,1.56,1.65,0.38,0.374,0.39,0.292,0.419,0.393,2,2.06,2.53,2.4,0.328,0.519,1.79,1.71,5.41,5.71,0.588,0.425,0.749,0.637,2.32,2.66,0.883,0.907,1.08,0.917,1.02,0.877,20.307,20.269,11.573,11.774,45.901,5.84,0.183,0.184
35.429,0.532,0.605,0.337,0.377,0.575,0.609,0.581,0.563,0.862,0.649,1.36,1.44,1.35,1.34,0.408,0.416,7.39,6.98,5.07,1.23,1.15,6.54,6.46,0.454,0.35,0.457,0.407,2,2.01,0.677,0.564,0.978,0.83,1.2,1.21,14.397,14.598,9.69,10.303,1.19,1.44,2.82,2.93,0.156,0.144,1.95,2.11,1.34,1.93,1.5,0.448,0.47,0.393,0.331,0.368,0.408,2.03,2.08,2.24,2.5,0.403,0.474,2.18,1.94,5.68,5.81,0.449,0.369,0.694,0.582,2.79,2.72,0.996,0.919,0.896,0.808,1.05,0.949,23.027,23.042,13.516,13.856,62.331,5.62,0.187,0.184
41.429,0.745,0.944,0.533,0.616,1.03,1.16,1.13,1.25,1.31,1.25,2.85,2.98,2.73,2.78,0.682,0.794,13.648,13.124,7.15,2.13,2.1,13.21,13.075,0.783,0.59,1,0.958,3.86,4.27,1.39,1.34,1.61,1.31,1.77,1.93,28.455,28.328,19.676,20.442,1.99,2.05,4.17,4.3,0.276,0.231,3.62,3.48,2.46,3,2.74,0.862,0.852,0.751,0.717,0.566,0.518,2.48,2.52,3.24,3.38,0.596,0.616,2.94,2.75,7.51,7.97,0.71,0.612,1.06,1.07,3.85,3.63,1.54,1.29,1.32,1.43,1.61,1.6,29.48,29.754,18.159,18.455,82.864,7.94,0.604,0.44
36.143,0.594,0.679,0.392,0.403,0.584,0.652,0.575,0.528,0.935,0.876,2.07,2.03,1.3,1.33,0.505,0.503,9.78,9.54,6.12,1.46,1.48,9.22,9.1,0.602,0.674,0.692,0.84,2.4,2.67,0.898,0.823,1.45,0.953,1.21,1.11,20.05,20.281,12.024,12.42,1.91,2.03,3.42,3.43,0.229,0.189,2.84,2.92,2.47,2.83,2.87,0.47,0.482,0.364,0.286,0.479,0.449,2.67,2.78,2.2,2.33,0.626,0.786,2.13,2.34,8.28,7.84,0.66,0.534,0.98,1.22,3.36,3.39,1.31,1.09,1.62,1.04,1.08,0.935,30.369,31.412,16.373,17.141,63.608,6.94,0.316,0.309
35.286,0.516,0.61,0.371,0.356,0.48,0.449,0.507,0.481,0.88,0.742,1.32,1.3,1.22,1.14,0.349,0.41,6.29,5.99,4.4,1.1,0.92,4.95,5.01,0.448,0.38,0.414,0.486,1.72,1.87,0.408,0.51,0.836,0.795,0.899,0.805,12.069,12.015,8.3,8.4,0.974,1.12,2.48,2.61,0.144,0.136,1.63,1.79,2.07,1.77,2.07,0.261,0.272,0.298,0.187,0.267,0.331,2.35,2.1,2.36,1.86,0.385,0.682,1.97,1.88,4.98,4.92,0.526,0.29,0.699,0.909,2.73,2.84,0.947,1.1,0.932,0.844,0.819,0.688,20.861,20.908,12.143,12.001,73.889,5.82,0.144,0.173
44.286,0.741,0.89,0.374,0.473,1.11,1.31,1.31,1.18,1.09,1.14,3.35,3.29,2.83,2.91,0.77,0.901,15.129,15.085,7.08,2.05,1.92,14.684,14.443,0.796,0.975,1.13,1.13,4.85,5.09,1.6,1.35,1.83,2.08,1.82,1.88,30.391,29.86,21.815,22.563,1.78,1.87,4.29,4.29,0.269,0.214,3.8,3.58,2.95,7.41,5.96,0.719,0.715,0.712,0.614,0.461,0.393,2.63,2.95,2.87,3,0.855,0.816,2.36,2.26,7.29,7.14,0.392,0.593,0.94,1.03,3.86,4.15,1.54,1.43,1.52,1.63,1.38,1.33,26.502,26.52,17.558,17.558,113.1,7.5,0.74,0.556
44.286,0.765,0.887,0.365,0.433,0.92,1.27,1.12,1.14,0.912,0.993,3.41,3.37,2.72,2.64,0.71,0.805,15.183,14.884,6.83,1.99,1.76,13.59,14.105,1.01,0.7,0.95,1.13,4.46,4.24,1.47,1.35,1.56,1.31,1.84,2.11,29.747,29.478,20.767,21.199,1.67,1.71,4.14,4.15,0.23,0.203,3.42,3.28,2.83,9.06,4.15,0.804,0.79,0.785,0.529,0.48,0.608,2.69,2.77,2.94,2.73,0.991,0.801,2.42,2.19,6.39,7.09,0.588,0.616,0.863,0.931,3.49,3.2,1.47,1.44,1.2,1.18,1.4,1.41,26.169,26.342,16.973,17.586,118.94,7.38,0.605,0.526
35.857,0.475,0.545,0.285,0.337,0.406,0.487,0.366,0.317,0.683,0.618,1.12,1.14,0.962,0.854,0.261,0.305,7.16,7.24,4.33,0.787,0.755,4.35,4.47,0.276,0.334,0.351,0.301,1.66,1.52,0.558,0.442,0.865,0.737,0.885,0.804,9.87,9.83,7.26,7.76,0.932,1.03,2.21,2.2,0.112,0.108,1.78,1.74,1.42,2.87,2.2,0.32,0.326,0.246,0.17,0.412,0.406,1.8,1.79,1.5,1.66,0.347,0.502,1.61,1.58,3.73,4.09,0.345,0.371,0.499,0.623,2.17,2.01,0.978,0.665,0.817,0.677,0.784,0.598,15.687,15.394,10.216,10.56,55.704,4.56,0.184,0.165
42.143,0.579,0.681,0.457,0.511,0.722,0.876,0.844,0.851,1,1.04,2.43,2.46,1.97,1.8,0.511,0.609,14.121,13.842,6.04,1.46,1.47,8.83,9.42,0.568,0.697,0.738,0.746,3.34,3.06,1.25,0.804,1.45,1.19,1.62,1.44,20.038,19.638,14.809,15.42,1.42,1.52,3.16,3.26,0.212,0.192,3.05,3.01,2.34,4.12,3.02,0.422,0.495,0.472,0.378,0.487,0.552,2.42,2.27,2.32,2.41,0.542,0.746,1.85,1.76,5.28,5.76,0.427,0.532,0.71,0.981,3.24,2.93,1.38,0.972,1.17,1.01,1.2,0.953,22.202,22.116,14.653,14.915,79.691,5.89,0.421,0.347
32.571,0.486,0.6,0.288,0.316,0.527,0.589,0.455,0.344,0.89,0.673,1.13,1.15,1.04,1.11,0.342,0.258,6.39,6.26,4.6,1.08,0.927,4.69,4.41,0.384,0.375,0.386,0.432,1.42,1.83,0.554,0.483,0.923,0.967,0.989,1.08,11.531,11.826,7.61,8.44,1.16,1.26,2.76,2.76,0.149,0.125,2.13,2.19,1.95,2.94,2.33,0.371,0.458,0.408,0.296,0.342,0.385,2.35,2.35,1.9,2.3,0.418,0.318,2.16,2.11,5.56,5.01,0.415,0.358,0.846,0.941,2.65,3.15,1.21,0.883,1.12,1.04,1.1,0.957,24.1,24.032,14.463,15.099,57.291,5.82,0.182,0.156
32.571,0.389,0.477,0.27,0.267,0.471,0.493,0.349,0.298,0.81,0.686,0.896,1.08,0.78,0.875,0.38,0.315,5.15,4.86,3.82,0.812,0.791,3.64,3.86,0.339,0.277,0.315,0.351,1.13,1.19,0.49,0.429,0.787,1.17,0.76,0.82,9.18,9.33,6.56,6.8,1.04,0.953,2.32,2.32,0.135,0.131,1.85,1.93,1.62,2.73,1.63,0.293,0.359,0.297,0.253,0.232,0.333,1.92,2.1,1.59,1.98,0.452,0.433,1.68,1.71,4.19,4.5,0.375,0.295,0.568,0.705,2.01,2.23,0.97,0.796,0.891,1.11,0.764,0.703,18.677,18.846,12.626,12.534,47.279,4.62,0.164,0.171
34.571,0.486,0.637,0.369,0.384,0.6,0.605,0.51,0.412,0.918,0.774,1.51,1.43,1.52,1.41,0.426,0.463,7.21,6.99,5.26,1.11,1.07,6.2,6.54,0.419,0.438,0.6,0.621,1.82,2.04,0.722,0.742,1.16,1.31,1.31,1.37,13.95,14.048,10.213,10.198,1.47,1.42,3.21,3.2,0.179,0.147,2.01,2.14,1.94,4.51,3.28,0.448,0.457,0.4,0.278,0.432,0.421,2.22,2.18,2.41,2.32,0.606,0.628,2.19,2.21,6.36,6.38,0.447,0.425,1.06,1.21,2.91,2.88,1.34,1.28,1.27,1.22,1.08,1.04,27.249,26.854,15.691,16.152,59.004,5.94,0.25,0.188
34.143,0.591,0.708,0.392,0.415,0.575,0.719,0.616,0.591,0.833,0.777,0.817,1.54,1.15,1.24,0.425,0.403,7.55,7.25,5.17,1.44,0.59,7.09,7.29,0.421,0.422,0.454,0.403,2.17,2.19,0.62,0.369,1.04,1.14,1.18,1.14,14.583,13.133,9.36,6.78,1.57,1.57,3.26,3.21,0.181,0.157,2.33,1.9,2,8.63,2.62,0.415,0.497,0.417,0.359,0.367,0.378,1.75,2.39,2.17,2.36,0.63,0.597,2.89,1.57,8.07,7.77,0.416,0.359,0.755,0.787,3.71,3.05,1.14,0.712,1.03,1.01,1.17,0.916,27.498,22.382,14.991,16.76,80.305,5.6,0.229,0.219
41.286,0.791,0.966,0.539,0.605,0.959,1.27,1.06,1.23,1.1,1.13,2.12,3.49,2.29,2.55,0.527,0.923,14.611,14.904,6.75,2.65,1.21,17.513,14.883,0.739,0.927,1.05,0.785,5.41,4.85,1.41,1.24,1.97,1.9,2.14,2.26,34.504,27.467,23.042,14.688,2.2,2.07,4.95,3.28,0.27,0.227,4.26,3.2,3.45,13.383,4.01,0.839,0.787,0.607,0.621,0.481,0.503,0.937,3.13,2.55,3.1,1.08,1.26,3.43,1.83,9.99,8.93,0.456,0.596,1.38,0.998,4.64,3.34,1.38,0.326,1.44,1.37,1.6,1.36,38.862,30.569,20.686,15.553,148.04,7.75,0.617,0.594
34.143,0.5,0.595,0.267,0.323,0.525,0.544,0.444,0.371,0.87,0.735,1.13,1.11,1.04,0.989,0.429,0.445,5.98,5.84,4.33,1.06,1.04,5.24,5.02,0.423,0.449,0.504,0.48,1.73,1.6,0.598,0.557,0.746,1.13,0.859,0.955,11.646,11.697,8.3,8.76,1.27,1.34,2.41,2.61,0.151,0.148,1.89,2.1,1.21,1.43,1.79,0.398,0.378,0.368,0.284,0.373,0.334,2.07,2.13,1.98,1.92,0.546,0.616,2.2,2.07,5.79,5.34,0.423,0.389,1.03,0.927,2.78,2.47,1.01,0.94,0.941,1.17,0.866,0.807,22.275,21.735,14.144,14.211,52.23,5.14,0.181,0.173
40.143,0.646,0.789,0.482,0.526,0.908,0.948,0.963,0.969,1.41,1.23,2.32,2.39,2.39,2.07,0.814,0.821,12.49,11.931,5.98,1.83,1.79,11.105,10.933,0.781,0.772,0.984,0.89,3.85,3.85,1.28,1.26,1.34,1.68,1.5,1.68,24.143,24.216,17.371,18.304,1.68,1.77,3.57,3.67,0.227,0.221,3.04,3.15,2.4,2.11,2.43,0.527,0.536,0.647,0.485,0.461,0.399,2.65,2.77,3.06,2.78,0.869,1.03,2.87,2.72,7.89,7.38,0.553,0.482,1.55,1.38,4.08,3.74,1.36,1.19,1.4,1.59,1.13,1.18,31.365,30.561,19.431,19.754,68.381,7.01,0.444,0.416
29.857,0.412,0.424,0.199,0.18,0.302,0.367,0.258,0.215,0.469,0.41,0.726,0.656,0.609,0.666,0.165,0.165,3.37,3.25,3.04,0.658,0.573,2.85,2.95,0.318,0.258,0.231,0.217,0.841,0.826,0.327,0.276,0.747,0.736,0.585,0.651,6.63,6.78,3.81,4.38,0.762,0.692,1.82,1.83,0.0857,0.0766,1.06,1.05,0.689,1.67,1.39,0.193,0.224,0.191,0.147,0.24,0.225,1.61,1.5,1.29,1.39,0.22,0.299,1.26,1.27,3.36,3.53,0.308,0.252,0.337,0.243,1.56,1.45,0.715,0.577,0.677,0.58,0.452,0.418,14.835,14.463,8,8.17,30.942,3.1,0.11,0.105
32.143,0.428,0.49,0.239,0.266,0.414,0.444,0.379,0.332,0.562,0.506,0.964,0.982,0.744,0.821,0.208,0.275,4.98,4.45,4.26,0.807,0.695,3.59,3.73,0.421,0.378,0.285,0.301,1.08,1.13,0.39,0.373,0.74,0.877,0.612,0.731,8.68,8.76,5.27,5.87,1.29,1.37,2.12,2.13,0.132,0.11,1.76,1.8,1.27,1.95,1.88,0.299,0.31,0.286,0.233,0.26,0.263,2.17,2.08,1.54,1.69,0.348,0.452,1.69,1.69,4.69,4.72,0.487,0.462,0.653,0.571,2.39,2.2,0.933,0.858,0.945,0.977,0.681,0.608,19.19,18.815,10.563,11.147,39.503,4.57,0.159,0.122
43.143,0.706,0.824,0.513,0.562,1.14,1.28,1.29,1.38,1.29,1.16,3.56,3.66,2.71,2.82,0.757,0.913,15.839,15.546,7.01,2.44,1.99,13.103,12.998,1.12,1.01,1.21,1.03,4.08,4.63,1.44,1.51,1.71,1.98,1.61,1.68,30.449,29.59,20.084,21.003,1.93,2.03,4.08,4.37,0.283,0.253,4.16,4.13,2.84,2.67,3.4,0.629,0.767,0.762,0.754,0.562,0.469,2.93,3.13,3.06,3.39,0.741,0.727,2.5,2.72,6.5,7.39,0.673,0.693,1.14,0.948,4.11,4.06,1.43,1.32,1.54,1.55,1.29,1.21,28.842,29.509,17.323,18.069,83.082,7.66,0.592,0.493
37,0.625,0.763,0.404,0.419,0.692,0.801,0.73,0.744,1,0.824,2.06,2.06,1.86,1.79,0.47,0.677,9.8,9.24,5.76,1.59,1.49,9.35,8.33,0.512,0.524,0.555,0.564,2.63,2.81,0.733,0.753,1.26,1.37,1.23,1.25,17.347,18.05,11.666,12.521,1.68,1.69,3.71,3.78,0.186,0.169,2.61,2.74,1.74,1.23,1.54,0.548,0.55,0.5,0.424,0.5,0.493,2.69,2.58,3.04,2.86,0.501,0.823,2.4,2.43,8.14,7.45,0.628,0.466,0.961,0.957,3.58,3.82,1.07,1.16,1.16,1.26,1.27,1.04,25.708,26.016,15.873,17.096,51.351,6.93,0.34,0.309
34.143,0.644,0.684,0.278,0.303,0.49,0.604,0.438,0.371,0.641,0.621,1.19,1.17,1.13,1.07,0.332,0.348,6.66,6.02,4.52,0.983,0.951,5.88,5.67,0.314,0.332,0.339,0.348,1.63,1.9,0.629,0.624,0.93,0.929,1.05,1.11,10.512,10.957,7.47,8.32,0.97,1.38,2.75,2.9,0.106,0.123,1.77,2.04,1.15,1.86,1.59,0.194,0.234,0.217,0.179,0.438,0.438,2.39,2.38,2.13,2.02,0.375,0.661,2.39,2.39,6.31,6.49,0.567,0.365,0.518,0.638,3.13,3.01,1.06,0.927,1.07,0.823,0.88,0.799,21.433,21.276,13.122,14.313,46.864,6.03,0.164,0.185
42,0.869,0.991,0.523,0.581,0.821,1.1,1.01,1.06,1.17,1.15,2.92,2.74,2.71,2.59,0.551,0.845,13.605,13.065,6.6,1.99,1.81,14.799,15.16,0.82,0.695,0.968,0.925,3.92,4.87,1.44,1.46,1.99,1.3,1.94,1.93,26.926,27.101,19.702,20.346,2.05,2.33,4.28,4.39,0.251,0.197,4.15,3.87,2.61,3.03,2.53,0.402,0.588,0.489,0.494,0.556,0.753,2.73,2.71,3.29,3.36,0.632,1.04,2.88,2.87,8.33,9.87,0.833,0.509,0.866,1.07,4.49,4.71,1.59,1.37,1.63,1.25,1.6,1.42,30.314,31.557,19.43,19.826,104.47,8.65,0.601,0.429
31.571,0.365,0.393,0.178,0.185,0.265,0.307,0.231,0.201,0.33,0.297,0.658,0.595,0.552,0.67,0.196,0.215,3.06,2.84,2.81,0.48,0.414,2.79,2.79,0.222,0.266,0.145,0.161,0.87,0.931,0.317,0.249,0.514,0.65,0.539,0.595,5.82,5.69,4.11,4.35,0.788,0.775,1.54,1.68,0.0991,0.0912,1.17,1.21,0.908,3.22,3.34,0.221,0.165,0.148,0.114,0.165,0.183,1.64,1.47,0.981,1.06,0.275,0.373,1.09,1.12,3.35,3.41,0.369,0.331,0.35,0.357,1.63,1.54,0.8,0.663,0.502,0.598,0.413,0.3,12.404,12.437,8.39,8.77,51.227,3.32,0.107,0.105
41.143,0.624,0.679,0.388,0.457,0.863,0.907,0.801,0.909,1.03,1,2.67,2.45,1.87,2.21,0.771,0.762,11.071,10.722,5.46,1.61,1.54,10.376,10.469,0.845,0.831,0.946,0.848,3.13,3.28,1.05,1.11,1.66,1.6,1.47,1.63,21.547,21.399,16.274,16.54,1.81,1.89,3.49,3.57,0.225,0.194,3.12,3.04,1.98,4.4,4.23,0.62,0.499,0.541,0.553,0.242,0.186,2.74,2.62,2.5,2.72,0.792,0.713,2.15,2.27,7.56,7.65,0.435,0.528,1.31,1.31,3.6,3.59,1.21,1.4,1.25,1.1,1.15,1.07,28.829,29.403,18.788,18.456,88.968,6.1,0.511,0.411
35.286,0.61,0.71,0.347,0.422,0.753,0.763,0.656,0.659,0.873,0.769,1.88,1.73,1.76,1.84,0.478,0.464,8.07,8.28,5.43,1.33,1.26,7.15,6.93,0.571,0.582,0.413,0.432,2.33,2.2,0.874,0.816,1.2,1.3,1.37,1.3,15.233,15.885,11.127,12.266,1.33,1.43,3.22,3.27,0.17,0.147,2.39,2.36,1.89,1.94,1.97,0.673,0.663,0.529,0.419,0.538,0.564,2.4,2.18,2.89,2.87,0.547,0.51,2.46,2.46,6.63,6.27,0.739,0.608,0.722,0.697,3.03,2.75,1.21,1.2,1.32,1.28,1.36,1.14,24.708,25.339,15.151,16.148,65.834,6.22,0.314,0.261
43.143,0.801,0.968,0.538,0.57,1.56,1.75,1.38,1.37,1.28,1.23,3.66,3.43,3.06,2.96,0.869,0.806,15.749,15.82,7.13,2.28,2.35,15.932,15.041,0.984,1.05,1.03,0.931,4.64,4.71,1.68,1.69,2.16,1.77,2.21,2.07,32.645,33.982,23.006,24.992,1.82,1.89,4.72,4.68,0.233,0.188,3.92,3.95,3.6,3.85,3.87,0.795,0.778,0.784,0.629,0.709,0.777,3.03,2.68,3.62,4.34,0.957,0.857,2.67,2.55,7.44,7.41,0.797,0.796,1.06,1.06,4.23,3.64,1.45,1.59,1.64,1.54,1.99,1.57,30.562,31.732,18.807,19.642,130.59,8.6,0.564,0.518
29,0.272,0.276,0.21,0.214,0.203,0.237,0.226,0.194,0.199,0.207,0.526,0.479,0.595,0.567,0.101,0.117,2.54,2.42,2.78,0.501,0.408,2.31,2.36,0.214,0.185,0.152,0.124,0.722,0.834,0.262,0.208,0.473,0.457,0.655,0.611,5.02,5.3,3.15,3.47,0.591,0.673,1.62,1.56,0.078,0.0757,0.969,0.945,0.734,1.42,1.44,0.211,0.168,0.178,0.102,0.211,0.219,1.68,1.53,0.957,0.888,0.124,0.165,1.45,1.31,3.15,3.37,0.268,0.21,0.333,0.224,1.28,1.41,0.761,0.551,0.597,0.411,0.556,0.423,11.624,11.687,7.44,7.47,39.258,3.8,0.0652,0.0765
36.143,0.661,0.674,0.381,0.447,0.887,0.826,0.631,0.541,0.97,0.871,1.84,2.14,1.45,1.26,0.466,0.625,7.47,7.9,5.57,1.42,1.4,8.48,7.75,0.588,0.635,0.776,0.412,2.43,2.22,0.761,0.604,1.49,1.32,1.31,1.36,16.258,17.576,11.743,13.077,1.57,1.63,3.13,3.16,0.184,0.145,2.19,2.34,1.43,1.69,2.2,0.338,0.486,0.232,0.276,0.466,0.339,2.61,2.63,2.37,2.43,0.59,0.683,2.24,2.29,7.07,6.62,0.629,0.778,0.875,0.538,3.3,3.13,1.25,0.982,1.3,1.1,1.2,0.961,25.77,26.727,15.724,16.239,34.153,6.18,0.304,0.26
44.143,0.799,0.928,0.529,0.587,1.19,1.18,1.03,1.14,1.05,1.21,3.6,3.92,3.07,2.87,0.716,1.13,16.743,16.535,7.18,2.25,2.35,15.595,17.021,1.13,0.986,1.1,0.935,4.77,5.05,1.82,1.46,2.46,1.86,2.17,2.01,31.849,33.193,23.702,25.389,1.97,2.1,4.44,4.56,0.273,0.209,3.76,3.66,2.59,2.73,2.66,0.722,0.753,0.624,0.733,0.564,0.58,3.34,3.34,3.07,3.38,1.03,1.19,2.95,2.91,7.98,8.7,0.9,0.785,1.19,1.01,3.91,4.06,1.82,1.45,1.87,1.51,1.66,1.51,32.237,34.284,20.178,20.976,66.319,8.53,0.789,0.622
29.857,0.399,0.339,0.237,0.23,0.311,0.338,0.218,0.202,0.509,0.378,0.607,0.677,0.782,0.82,0.148,0.143,3.77,3.63,3.5,0.546,0.563,3.01,2.82,0.192,0.185,0.278,0.194,1.02,1.07,0.324,0.342,0.649,0.786,0.834,0.859,6.65,6.97,4.23,4.91,0.835,0.929,2.1,1.91,0.115,0.114,1.17,1.24,1.02,2.63,2.02,0.151,0.171,0.123,0.11,0.241,0.267,1.8,1.88,1.69,1.6,0.208,0.262,1.73,1.59,4.47,4.37,0.324,0.248,0.246,0.43,2,2.23,0.989,0.846,0.761,0.591,0.752,0.601,16.957,16.859,10.733,11.018,42.891,4.19,0.114,0.11
40.857,0.653,0.803,0.48,0.628,0.861,1.01,0.917,0.874,1.27,1.08,2.43,2.68,2.41,2.25,0.571,0.727,13.605,13.003,6.67,2.1,1.95,12.587,11.551,0.69,0.792,0.955,0.892,3.61,4.08,1.32,1.33,1.87,1.37,1.9,1.9,25.528,25.95,17.698,18.874,1.85,1.97,4.03,3.97,0.243,0.22,3.5,3.25,2.91,5.22,5.33,0.592,0.447,0.517,0.39,0.478,0.385,2.26,2.48,2.93,2.69,0.759,0.714,2.74,2.7,7.94,7.36,0.485,0.565,1.06,1.25,4.04,3.84,1.3,1.19,1.51,1.12,1.33,1.39,28.353,29.437,18.866,19.281,123.32,7.43,0.554,0.342
30.857,0.464,0.318,0.22,0.284,0.34,0.325,0.232,0.218,0.425,0.308,0.694,0.788,0.665,0.782,0.224,0.212,3.72,3.93,3.3,0.641,0.611,3.16,3.47,0.279,0.329,0.26,0.38,1.09,1.09,0.376,0.304,0.681,0.868,0.839,0.924,6.46,7.05,4.9,5.4,0.919,0.898,1.95,1.99,0.0892,0.0882,1.15,1.27,1.54,3.12,2.64,0.301,0.25,0.196,0.132,0.163,0.18,1.96,2.01,1.46,1.64,0.306,0.375,1.64,1.49,4.51,4.6,0.433,0.384,0.39,0.544,1.97,2.17,1.03,0.815,0.849,0.837,0.751,0.663,16.449,16.646,11.108,11.513,26.188,4.16,0.109,0.113
39,0.607,0.749,0.445,0.466,0.68,0.707,0.796,0.743,0.923,0.873,2.59,2.54,1.89,1.9,0.527,0.544,9.72,10.163,5.52,1.73,1.59,10.059,9.96,0.811,0.739,0.827,0.822,3.4,3.59,1.13,1.05,1.64,1.52,1.81,1.71,20.494,20.887,16.376,16.863,1.48,1.54,3.19,3.25,0.209,0.174,2.77,2.82,2.63,8.13,7,0.584,0.595,0.49,0.42,0.391,0.355,2.52,2.55,2.42,2.68,0.547,0.628,2.54,2.28,6.75,7.08,0.545,0.578,1.01,1.1,3.62,3.57,1.48,1.32,1.23,0.996,1.24,1.07,26.313,26.731,16.728,17.294,67.959,6.22,0.413,0.326
30,0.246,0.121,0.169,0.244,0.212,0.315,0.192,0.211,0.279,0.226,0.523,0.525,0.532,0.647,0.117,0.143,2.75,2.51,2.69,0.426,0.369,2.33,2.45,0.232,0.143,0.0952,0.126,0.876,0.844,0.259,0.242,0.382,0.412,0.427,0.486,4.5,4.43,3.16,3.55,0.54,0.542,1.46,1.39,0.0885,0.0717,0.87,0.784,0.729,1.98,1.96,0.156,0.26,0.165,0.157,0.154,0.107,1.41,1.53,1.03,1.1,0.195,0.241,0.975,1.01,3.24,3.35,0.334,0.199,0.141,0.205,1.47,1.36,0.736,0.53,0.377,0.344,0.343,0.274,10.093,9.77,6.83,6.96,33.629,3.31,0.108,0.0905
38.429,0.436,0.529,0.298,0.317,0.527,0.636,0.499,0.555,0.684,0.552,1.68,1.83,1.15,1.38,0.404,0.478,7.36,7.41,4.44,1.11,1.15,7.66,7.77,0.527,0.381,0.426,0.533,2,2.23,0.812,0.569,0.858,0.727,0.825,0.889,13.718,13.373,10.246,10.705,1.02,1.13,2.79,2.92,0.119,0.108,1.92,2.12,1.51,2.36,1.5,0.307,0.41,0.279,0.296,0.34,0.345,1.87,1.97,2,2.26,0.466,0.62,1.59,1.34,5.51,5.78,0.392,0.315,0.692,0.758,2.5,2.83,1.18,0.887,0.793,0.77,0.767,0.769,18.129,17.955,11.743,11.54,74.968,5.46,0.267,0.289
36.571,0.595,0.616,0.349,0.349,0.509,0.593,0.634,0.572,0.772,0.669,1.93,1.85,1.62,1.49,0.456,0.549,8.11,7.79,5.27,1.3,1.2,7.14,6.98,0.487,0.466,0.618,0.542,2.43,2.24,0.59,0.69,0.941,0.905,1.05,1.18,14.755,15.014,10.876,11.113,1.45,1.58,3.29,3.4,0.149,0.126,2.07,2.25,1.86,1.83,1.63,0.489,0.565,0.497,0.352,0.481,0.405,2.7,2.33,2.43,2.29,0.722,0.837,2.23,2.06,5.87,5.76,0.494,0.412,0.886,0.83,3.1,2.69,1.1,1.22,1.01,0.713,1.06,1.04,21.639,22.658,13.88,13.802,41.905,6.89,0.266,0.266
30,0.399,0.569,0.289,0.269,0.337,0.471,0.318,0.293,0.306,0.329,0.688,0.719,0.76,0.922,0.162,0.204,3.81,3.9,3.82,0.75,0.69,3.13,3.4,0.35,0.243,0.287,0.205,1.12,1.13,0.46,0.291,0.83,1.22,0.917,0.912,8.1,8.03,4.79,5.45,1.22,1.17,2.14,2.23,0.122,0.113,1.63,1.54,1.51,2.32,2.96,0.236,0.324,0.19,0.206,0.273,0.228,2.33,2.35,1.55,1.87,0.307,0.396,1.91,1.95,5.19,5.66,0.487,0.417,0.585,0.508,2.39,2.49,1.28,0.784,1.09,0.997,0.919,0.566,22.688,21.987,13.357,14,44.532,4.79,0.114,0.126
31,0.43,0.44,0.186,0.188,0.335,0.305,0.263,0.203,0.437,0.323,0.587,0.649,0.59,0.635,0.134,0.134,2.73,2.68,3.23,0.512,0.424,2.76,2.35,0.187,0.233,0.175,0.14,0.845,0.873,0.225,0.163,0.562,0.669,0.534,0.562,5.91,6.36,3.69,4.03,0.792,0.855,1.75,1.81,0.0899,0.0777,1.02,1.17,1.11,1.56,1.84,0.245,0.186,0.247,0.127,0.273,0.272,1.72,1.61,1.53,1.3,0.166,0.228,1.41,1.16,4,3.47,0.36,0.35,0.201,0.202,1.72,1.73,0.722,0.561,0.632,0.486,0.53,0.392,14.474,14.695,8.5,8.4,40.047,3.76,0.0787,0.106
41.571,0.723,0.804,0.448,0.491,0.862,0.984,0.901,0.882,1.27,1.15,2.58,2.53,2.27,1.79,0.604,0.652,10.884,10.664,6.03,1.7,1.52,10.857,10.098,0.691,0.8,0.828,0.746,3.26,3.43,1.01,0.789,1.57,1.3,1.46,1.56,23.31,23.637,15.104,15.566,1.47,1.56,3.65,3.72,0.235,0.204,3.04,2.87,2.1,2.44,3.18,0.614,0.579,0.614,0.519,0.626,0.616,2.7,2.57,2.84,2.6,0.695,0.779,2.31,2.09,7.64,7.45,0.519,0.679,1.01,1.1,3.73,3.13,1.22,1.04,1.33,1.08,1.25,1.2,27.346,28.107,14.9,14.943,96.967,6.8,0.562,0.498
33.429,0.482,0.577,0.278,0.275,0.535,0.517,0.375,0.362,0.753,0.638,1.17,1.16,0.988,1.04,0.393,0.361,6.18,5.91,4.38,0.795,0.753,4.7,4.37,0.453,0.401,0.326,0.439,1.39,1.35,0.496,0.444,0.829,0.779,0.742,0.889,10.374,10.666,6.76,7.22,1.01,1.21,2.77,2.8,0.13,0.106,1.3,1.42,1.2,3.03,1.59,0.46,0.466,0.248,0.231,0.2,0.218,2.13,2.11,1.96,2.13,0.541,0.605,1.82,1.61,4.63,4.44,0.534,0.417,0.363,0.679,2.4,2.15,0.862,0.792,0.847,0.821,0.71,0.632,19.018,18.536,11.402,11.439,39.301,5.46,0.158,0.128
39.714,0.683,0.81,0.443,0.494,0.942,1.07,0.969,0.904,1.12,1.03,2.7,2.54,2.16,2.27,0.718,0.784,13.259,12.895,6.13,1.62,1.41,10.739,10.266,0.658,0.775,0.605,0.983,3.49,3.1,1.04,0.962,1.41,1.22,1.4,1.42,23.752,23.576,14.994,15.912,1.64,1.85,3.97,4.01,0.224,0.19,3.15,3.19,2.14,3.41,2.08,0.63,0.698,0.604,0.513,0.52,0.521,2.71,2.48,2.65,2.75,0.785,0.971,2.36,2.17,6.52,5.92,0.801,0.687,0.683,1.11,3.39,3.07,1.1,1.13,1.26,1.33,1.16,1.09,25.236,24.939,14.911,15.361,77.1,7.53,0.473,0.509
35,0.53,0.608,0.377,0.447,0.578,0.655,0.468,0.475,0.854,0.85,1.43,1.51,1.18,1.1,0.416,0.412,6.59,6.15,4.89,1.21,1.26,5.81,5.48,0.532,0.479,0.403,0.459,1.82,2.11,0.609,0.516,0.965,0.864,1,1.09,13.236,13.613,9.46,9.79,1.32,1.37,2.55,2.71,0.159,0.144,2.2,2.37,2.15,2.47,2.98,0.426,0.437,0.321,0.273,0.347,0.269,2.43,2.41,2.14,2.13,0.55,0.67,2.12,2.02,6.89,6.59,0.508,0.396,0.879,0.912,3.15,3.27,1.11,0.729,0.786,0.764,0.88,0.813,24.734,25.097,16.003,16.259,65.806,5.7,0.219,0.163
40,0.661,0.866,0.52,0.597,0.913,1.07,0.872,0.928,1.18,1.19,2.51,2.57,2.22,2.1,0.733,0.71,11.695,11.227,6.32,1.88,1.76,10.725,10.137,0.768,0.749,0.926,0.928,3.31,3.8,1.08,0.967,1.35,1.14,1.71,1.68,22.652,22.747,16.808,17.037,2.03,2.08,3.2,2.88,0.234,0.206,3.25,3.21,2.1,3.27,3.23,0.66,0.667,0.561,0.518,0.552,0.449,2.61,2.55,2.58,2.66,0.945,0.902,2.52,2.61,7.54,7.26,0.518,0.554,1.25,1.32,3.35,3.57,1.04,0.769,1.13,1.14,1.24,1.18,28.801,28.572,18.074,17.413,77.534,7.15,0.446,0.373
27.286,0.274,0.351,0.21,0.165,0.141,0.193,0.105,0.116,0.323,0.27,0.31,0.323,0.421,0.439,0.0947,0.139,2.09,2.15,2.3,0.374,0.292,1.65,1.77,0.131,0.14,0.0959,0.0995,0.559,0.635,0.191,0.149,0.468,0.516,0.603,0.663,4.05,4.01,2.7,2.97,0.587,0.772,1.38,1.28,0.0905,0.0759,0.869,0.794,0.634,2.24,2.16,0.105,0.0939,0.0865,0.0515,0.103,0.111,1.1,1.12,1.04,0.977,0.135,0.255,0.83,0.883,2.28,2.34,0.214,0.161,0.128,0.164,1.42,1.64,0.666,0.502,0.393,0.37,0.424,0.353,10.335,10.452,7.36,7.39,26.158,2.58,0.0674,0.0784
43.857,0.692,0.754,0.431,0.504,0.613,0.812,0.766,0.755,0.992,1.04,2.42,2.72,2.1,2.14,0.584,0.805,4.3,3.74,5.38,1.71,1.63,12.599,13.11,0.828,0.698,0.932,1.03,3.76,4.6,1.6,1.12,1.56,1.48,1.44,1.6,26.176,25.682,17.849,17.841,1.53,1.62,3.8,3.88,0.23,0.203,3.29,3,2.08,4.35,3.81,0.399,0.391,0.404,0.372,0.317,0.281,2.21,2.38,2.18,2.17,0.522,0.744,1.85,1.93,5.93,6.6,0.512,0.395,0.99,0.995,3.78,4.56,1.58,1.07,1.19,1.31,1.12,1.11,25.867,25.998,14.883,14.549,110.38,6.52,0.532,0.451
39.571,0.779,0.934,0.453,0.552,0.757,1.21,0.834,0.906,1.01,1.08,1.98,2.43,1.92,2.22,0.561,0.716,10.058,10.105,6.18,1.7,1.69,10.695,11.326,0.615,0.644,0.677,0.681,2.9,3.31,1.11,0.773,1.48,1.38,1.55,1.65,22.683,23.007,14.998,15.645,1.63,1.68,3.67,3.64,0.233,0.193,3.03,3.05,2.2,2.75,3.17,0.539,0.414,0.569,0.504,0.552,0.579,2.03,2.48,2.43,2.56,0.574,0.731,2.5,2.75,7.95,8.96,0.575,0.559,0.826,0.971,3.39,3.42,1.61,0.902,1.39,1.26,1.35,1.23,29.044,29.578,16.859,17.225,67.426,7.2,0.47,0.357
44.143,0.853,0.984,0.537,0.575,1.04,1.12,1.05,1.12,1.15,1.11,3.54,3.12,2.95,2.92,0.768,1.01,16.528,16.236,7.18,2.29,2.25,14.41,14.155,0.935,0.883,1.38,1.14,4.39,4.4,1.64,1.55,1.81,1.52,1.91,1.72,29.703,30.756,20.942,21.676,2.05,2.09,4.52,4.55,0.265,0.223,3.93,3.86,2.89,3.35,3.89,0.62,0.639,0.631,0.498,0.64,0.616,2.84,2.55,3.34,3.07,0.738,0.974,2.74,2.85,7.73,7.47,0.696,0.642,1.38,1.11,3.58,3.38,1.51,1.36,1.49,1.26,1.37,1.29,28.574,29.629,17.575,17.321,94.36,8.22,0.578,0.441
44.143,0.997,1,0.543,0.611,1.08,1.14,1.18,1.14,1.31,1.27,3.33,3.54,3.15,3.18,0.741,0.898,17.142,16.892,7.45,2.29,2.37,15.357,14.327,0.958,0.967,1.41,1.36,4.83,4.54,1.55,1.64,1.86,1.56,1.7,1.8,31.299,32.412,21.356,22.128,2.03,2.17,4.76,4.77,0.249,0.22,4.05,3.99,2.85,3.57,3.26,0.625,0.634,0.7,0.57,0.58,0.696,2.51,2.69,3.39,3.19,0.871,0.925,2.81,3.13,7.51,7.4,0.674,0.618,1.48,1.38,3.94,3.39,1.36,1.36,1.64,1.51,1.38,1.38,29.701,30.975,17.964,17.945,97.239,8.67,0.546,0.516
33.714,0.611,0.61,0.358,0.422,0.411,0.354,0.39,0.395,0.673,0.562,1.39,1.2,1.02,1.01,0.238,0.278,6.82,6.53,4.97,1.05,1.02,5.71,5.29,0.416,0.436,0.455,0.479,1.57,1.86,0.649,0.55,0.975,0.98,1.07,0.971,11.817,11.832,7.96,8.28,1.44,1.38,2.66,2.72,0.143,0.118,2.15,2.17,1.5,1.79,2.24,0.309,0.209,0.242,0.238,0.327,0.279,2.37,2.1,1.8,1.9,0.23,0.458,1.97,1.89,5.91,5.68,0.494,0.453,0.879,1.03,2.47,2.66,1.29,0.951,0.974,0.914,1.02,0.8,21.958,21.347,13.049,13.285,65.075,5.66,0.218,0.194
41.571,0.839,0.87,0.503,0.612,1.03,1.07,1.11,0.968,1.05,1.19,2.97,2.55,2.94,2.65,0.729,0.662,13.336,12.928,6.84,1.85,1.88,13.81,11.989,0.739,0.932,0.925,0.718,4.21,4.72,1.51,1.35,1.8,1.57,1.85,1.9,27.075,27.957,18.536,19.769,2.04,2.3,4.38,4.4,0.266,0.202,3.38,3.22,3.21,3.6,3.89,0.647,0.591,0.739,0.546,0.89,0.54,2.81,2.52,3.49,3.1,1.05,0.839,2.97,2.87,9.35,8.09,0.581,0.716,1.21,0.94,4.32,4.22,1.77,1.52,1.49,1.64,1.53,1.46,31.488,31.676,19.148,19.368,74.114,8.48,0.628,0.431
26.571,0.277,0.325,0.177,0.15,0.195,0.19,0.152,0.145,0.196,0.211,0.351,0.298,0.462,0.482,0.107,0.141,1.71,1.71,2.34,0.319,0.274,1.85,1.78,0.143,0.163,0.0872,0.0817,0.643,0.669,0.158,0.115,0.614,0.639,0.738,0.857,3.79,3.86,2.74,2.87,0.679,0.639,1.17,1.22,0.0731,0.0712,0.742,0.694,0.74,2.69,2.69,0.179,0.117,0.0914,0.0765,0.11,0.174,1.27,1.16,1.21,1.08,0.165,0.273,0.929,0.885,2.61,2.41,0.249,0.185,0.155,0.235,1.49,1.73,0.554,0.451,0.42,0.455,0.459,0.308,10.776,10.07,7.01,8.19,28.439,2.66,0.0837,0.0736
31.429,0.553,0.639,0.305,0.299,0.49,0.552,0.414,0.383,0.694,0.649,1.09,1.06,1.05,1.12,0.275,0.341,4.59,4.57,4.06,0.87,0.878,4.47,4.55,0.396,0.412,0.26,0.27,1.59,1.36,0.49,0.395,0.696,0.911,0.696,0.697,9.37,9.63,6.42,6.85,1.15,1.16,2.43,2.25,0.118,0.117,1.49,1.69,1.4,2.22,1.8,0.319,0.338,0.302,0.248,0.347,0.317,2.55,2.29,1.86,2.01,0.316,0.48,2.15,2.1,5.82,5.72,0.416,0.369,0.482,0.501,2.68,2.29,1.05,0.885,0.752,1.04,0.753,0.583,19.595,19.664,12.5,12.731,56.378,4.79,0.0879,0.0915
39.286,0.833,0.897,0.512,0.576,1.01,1.06,0.897,1.05,1.43,1.25,3.08,2.72,2.56,2.31,0.755,0.867,12.185,12.116,6.68,2.02,1.89,12.98,12.691,0.8,0.958,0.865,0.925,4.23,3.83,1.31,1.32,1.35,1.57,1.65,1.47,24.485,24.651,17.643,18.21,1.88,1.93,3.18,3.3,0.234,0.201,3.15,3.17,2.57,4.11,4.25,0.526,0.606,0.494,0.605,0.622,0.603,2.73,2.56,2.95,2.99,0.796,0.938,2.95,2.77,8.08,8.52,0.62,0.681,1.1,1.09,3.96,3.16,1.26,1.34,1.29,1.56,1.36,1.08,27.763,28.127,17.228,17.298,92.15,7.17,0.432,0.385
33.714,0.46,0.534,0.243,0.29,0.319,0.424,0.263,0.264,0.588,0.529,1.11,1.14,0.701,0.786,0.251,0.316,5.85,5.69,4.18,0.972,0.869,4.98,4.89,0.343,0.257,0.499,0.387,1.49,1.46,0.576,0.439,0.89,0.775,0.791,0.767,10.786,10.926,6.34,6.76,1.04,1.12,2.61,2.52,0.131,0.119,2.06,1.95,1.2,1.84,1.4,0.149,0.186,0.187,0.151,0.285,0.256,1.84,2.05,1.27,1.31,0.289,0.393,1.51,1.55,5.05,5.02,0.334,0.257,0.676,0.607,2.29,2.23,1.27,0.88,0.914,0.485,0.791,0.58,18.174,18.493,9.81,10.059,68.459,4.3,0.167,0.161
29.286,0.404,0.385,0.202,0.185,0.33,0.358,0.27,0.25,0.44,0.316,0.654,0.604,0.696,0.708,0.187,0.217,2.99,2.82,3.16,0.554,0.479,2.61,2.83,0.303,0.221,0.153,0.169,0.964,0.987,0.3,0.238,0.577,0.567,0.863,1,5.97,6.1,3.77,4.34,0.749,0.755,1.52,1.54,0.104,0.0994,1,0.995,1.11,4.55,3.64,0.229,0.307,0.177,0.193,0.146,0.214,1.86,1.58,1.48,1.42,0.274,0.496,1.5,1.33,3.8,4.28,0.42,0.194,0.342,0.512,2.02,1.93,0.937,0.801,0.725,0.473,0.692,0.5,15.262,15.171,10.026,10.337,39.039,3.48,0.0955,0.102
30.429,0.359,0.432,0.236,0.23,0.265,0.316,0.283,0.196,0.37,0.297,0.638,0.59,0.632,0.625,0.123,0.129,3.36,3.27,3.42,0.54,0.492,2.92,2.76,0.237,0.241,0.235,0.18,0.849,0.798,0.35,0.295,0.518,0.778,0.696,0.76,6.11,6.96,4.06,4.32,0.842,0.789,1.81,1.97,0.102,0.0876,1.14,1.15,1.31,0.543,1.87,0.136,0.141,0.119,0.096,0.196,0.159,1.87,1.61,1.46,1.43,0.125,0.196,1.53,1.51,4.57,4.41,0.354,0.337,0.512,0.164,1.83,1.84,1.13,0.952,0.793,0.599,0.743,0.495,17.475,17.395,11.114,11.115,37.297,4.07,0.0886,0.0772
39.429,0.627,0.693,0.45,0.457,0.7,0.778,0.738,0.74,1.01,0.83,2.12,2.36,1.83,1.77,0.408,0.487,11.246,10.674,6.29,1.78,1.56,10.575,10.903,0.658,0.615,0.694,0.659,2.94,2.98,1.18,0.925,1.49,1.2,1.84,1.84,22.092,22.707,15.12,15.297,1.59,1.66,3.68,3.67,0.215,0.195,3.14,3.28,2.27,1.6,1.92,0.385,0.431,0.453,0.4,0.584,0.467,2.36,2.32,2.54,2.4,0.543,0.589,2.46,2.35,8.3,7.73,0.51,0.588,1.01,0.977,3.41,2.77,1.53,1.14,1.22,0.853,1.49,1.22,29.651,29.656,17.708,16.209,79.651,6.91,0.338,0.31
38.286,0.716,0.804,0.447,0.483,0.726,0.751,0.62,0.637,1.09,0.893,2.14,2.15,1.91,1.71,0.489,0.493,10.361,9.98,6.13,1.61,1.55,10.227,10.238,0.639,0.51,0.65,0.628,2.92,2.8,0.996,0.938,1.52,1.42,1.47,1.3,21.305,21.639,14.137,14.544,1.72,1.79,3.56,3.8,0.216,0.172,2.88,3.04,2.56,2.81,2.9,0.612,0.627,0.419,0.408,0.494,0.439,2.39,2.49,2.6,2.59,0.52,0.6,2.98,2.9,7.75,8.09,0.663,0.435,1.01,0.931,3.54,3.44,1.21,1.24,1.62,1.39,1.3,1.09,28.798,29.174,17.009,16.982,75.538,7.3,0.391,0.359
38.286,0.573,0.685,0.437,0.484,0.669,0.75,0.654,0.662,0.967,0.969,1.92,2.06,1.64,1.88,0.427,0.565,10.39,10.094,5.85,1.46,1.42,9.48,9.64,0.608,0.533,0.755,0.581,2.66,3.35,1.03,0.815,1.61,1.39,1.37,1.26,20.072,20.048,13.647,13.9,1.86,1.9,3.68,3.72,0.209,0.156,2.86,2.69,2.42,4.12,3.68,0.578,0.615,0.466,0.405,0.448,0.43,2.02,2.35,2.33,2.59,0.456,0.705,2.65,2.72,7.12,7.76,0.645,0.602,1.14,0.907,3.39,4.03,1.26,1,1.77,1.56,1.29,1.11,27.793,28.055,16.663,16.856,66.644,7.31,0.382,0.292
32.857,0.469,0.537,0.259,0.276,0.485,0.626,0.388,0.398,0.666,0.484,1.11,1.15,0.958,1.1,0.274,0.304,4.69,4.55,3.68,0.834,0.797,4.37,4.7,0.346,0.369,0.396,0.39,1.25,1.37,0.403,0.464,0.806,0.907,0.689,0.739,10.171,10.041,5.99,6.6,1.16,1.14,2.5,2.51,0.148,0.138,1.84,1.88,1.38,2.08,2.03,0.353,0.504,0.355,0.333,0.314,0.289,2.8,2.39,2.18,2.68,0.463,0.602,1.61,1.65,6.59,6.69,0.519,0.382,0.799,0.704,2.12,2.86,0.956,0.993,0.954,1.19,0.746,0.695,23.422,22.593,13.842,13.236,37.798,4.43,0.162,0.138
35.714,0.562,0.67,0.359,0.406,0.594,0.658,0.537,0.467,0.898,0.789,1.85,1.78,1.35,1.3,0.462,0.446,7.91,7.81,5.04,1.28,1.24,6.89,6.7,0.516,0.418,0.571,0.501,1.98,2.28,0.671,0.516,1.12,1.18,1.06,1.09,14.473,14.746,9.84,10.381,1.56,1.75,3.11,3.13,0.181,0.155,2.43,2.45,1.9,3.88,2.26,0.457,0.481,0.378,0.298,0.386,0.444,2.44,2.39,2.36,2.25,0.654,0.661,2.39,2.38,6.22,5.89,0.544,0.479,0.979,1.05,2.87,3.13,1.21,1.13,1.27,1.3,1.05,0.938,25.451,24.735,15.109,15.192,58.028,5.93,0.269,0.25
35.714,0.629,0.626,0.371,0.399,0.635,0.652,0.608,0.635,0.847,0.729,1.7,1.86,1.45,1.37,0.464,0.471,8.03,7.67,4.99,1.24,1.3,6.32,6.32,0.478,0.446,0.638,0.549,2.11,1.9,0.444,0.647,1.12,0.998,0.957,0.949,14.527,15.015,9.55,9.94,1.63,1.77,3.02,3.12,0.174,0.148,2.22,2.43,1.79,2.97,3.49,0.494,0.477,0.412,0.304,0.413,0.386,2.73,2.56,2.49,2.46,0.659,0.699,2.21,2.21,5.84,5.54,0.492,0.432,1.01,0.831,2.96,2.55,1.09,0.984,1.11,1.15,1.02,0.836,25.174,24.724,14.312,14.261,62.835,6.24,0.295,0.269
43,0.778,0.807,0.448,0.525,1.03,0.867,1.14,0.864,1.38,1.41,3.13,2.81,2.68,2.3,0.886,0.782,13.674,13.372,6.78,2.05,1.87,13.484,11.548,0.661,0.714,1.16,1.07,4.62,4.71,1.61,1.62,1.39,1.44,2.07,1.95,29.04,28.745,19.83,21.471,2.08,1.98,4.3,4.28,0.226,0.206,3.36,3.28,2.97,3.11,4.41,0.664,0.322,0.794,0.421,0.604,0.486,3.06,2.67,2.93,2.65,1.03,0.848,3.07,3.04,7.74,6.75,0.607,0.585,1.25,1.46,4.51,3.58,1.58,1.69,1.29,1.48,1.73,1.44,29.4,29.661,18.308,18.949,77.93,7.62,0.505,0.398
40.857,0.615,0.768,0.41,0.466,0.844,0.95,1.01,0.946,0.931,0.968,2.9,2.76,2.37,2.51,0.708,0.85,10.792,10.254,5.85,2.09,1.88,12.649,12.3,0.736,0.623,0.892,0.897,3.59,3.87,1.23,0.963,1.78,1.24,1.57,1.51,22.821,22.855,16.213,16.567,1.59,1.69,3.8,3.72,0.211,0.176,3.01,2.96,2.38,5.17,1.94,0.665,0.565,0.613,0.53,0.412,0.428,2.75,2.7,3.01,3.36,0.768,0.705,2.62,2.76,7.72,8.64,0.62,0.448,1.13,1.19,3.61,3.88,1.75,1.17,1.56,1.19,1.27,1.26,26.279,26.463,16.118,17.281,95.396,6.9,0.499,0.463
34.857,0.475,0.542,0.266,0.297,0.424,0.517,0.412,0.414,0.614,0.516,1.24,1.19,1.06,1.11,0.334,0.361,5.45,5.29,4.08,1.01,0.948,6.01,5.59,0.378,0.327,0.387,0.385,1.72,1.76,0.405,0.403,0.886,0.606,0.842,0.776,10.214,10.412,7.4,7.55,0.94,1.19,2.51,2.47,0.0941,0.0835,1.67,1.48,1.29,3.83,1.5,0.354,0.352,0.29,0.223,0.274,0.313,2.08,2,1.83,1.92,0.444,0.474,2.19,2.12,5.51,6.04,0.388,0.31,0.701,0.716,2.51,2.6,1.08,0.863,1.09,0.847,0.841,0.834,17.142,17.531,10.87,11.759,68.196,5.27,0.169,0.142
34.429,0.504,0.643,0.304,0.319,0.617,0.608,0.526,0.389,0.83,0.696,1.32,1.4,1.08,1.15,0.394,0.336,6.84,6.67,4.49,1.12,1.02,6.41,6.65,0.439,0.411,0.376,0.41,1.68,1.85,0.678,0.547,0.911,0.804,0.837,1.03,12.329,12.706,9.02,9.69,1.13,1.16,2.71,2.83,0.137,0.119,1.84,1.94,1.69,1.8,2.17,0.496,0.488,0.469,0.337,0.301,0.286,2.18,2.07,1.92,2.12,0.497,0.553,1.9,1.82,6.96,6.81,0.437,0.405,0.758,0.729,2.77,2.63,1.16,0.909,1.06,0.854,0.873,0.921,21.966,22.137,14.242,14.477,55.856,4.98,0.176,0.148
40.429,0.847,0.987,0.551,0.577,1.12,1.38,1.09,1.23,1.17,1.1,2.92,2.84,2.51,2.84,0.671,0.904,14.792,14.474,7.3,1.86,1.87,13.991,14.49,0.808,0.825,1.07,0.942,4.3,5.2,1.31,1.19,2.2,2.16,1.84,2.03,28.298,27.993,19.113,19.205,2.23,2.3,4.31,4.25,0.268,0.241,3.44,3.65,3.48,2.84,2.83,0.712,0.853,0.862,0.669,0.624,0.504,3.37,3.27,3.71,3.98,0.931,1.21,2.83,2.72,9.69,10.376,0.8,0.644,0.853,1.18,4.66,5.26,1.48,1.02,2.23,2.06,1.5,1.32,37.658,36.501,20.692,20.737,71.235,8.19,0.499,0.494
35.429,0.704,0.853,0.369,0.438,0.774,0.785,0.719,0.602,0.863,0.856,1.79,1.8,1.61,1.71,0.512,0.572,8.95,8.47,6.01,1.22,1.17,7.63,8.22,0.581,0.505,0.564,0.585,2.68,2.92,0.641,0.666,1.46,1.65,1.23,1.28,16.225,16.262,11.037,11.369,1.86,1.98,3.49,3.39,0.23,0.183,2.36,2.4,2.27,2.23,2.13,0.522,0.585,0.526,0.447,0.544,0.413,3.13,2.96,2.94,2.97,0.74,0.962,2.55,2.58,9.26,8.92,0.686,0.627,0.796,0.986,4.19,4.28,0.995,0.864,1.84,1.61,1.2,0.986,31.747,30.628,17.296,17.682,47.249,6.52,0.313,0.25
